"","gq6_1","gq6_2","gq6_3","gq6_4","gq6_5","gq6_6","gac_1","gac_2","gac_3","losd_1","losd_2","losd_3","losd_4","losd_5","losd_6","sa_1","sa_2","sa_3","sa_4","sa_5","sa_6","ao_1","ao_2","ao_3","ao_4"
"1",6,5,3,6,5,5,3,3,4,9,5,4,5,6,2,8,7,9,4,7,7,7,7,8,6
"2",6,7,7,7,5,6,2,3,3,8,3,1,1,1,1,6,3,1,2,5,6,9,7,5,6
"3",7,7,6,7,7,7,5,5,5,9,1,1,1,1,3,9,1,9,5,9,9,9,9,9,9
"4",7,6,7,6,6,5,5,5,5,9,4,1,1,1,3,9,5,9,1,9,8,9,9,9,9
"5",6,6,6,6,6,6,4,4,4,8,7,7,5,5,7,8,7,6,5,6,8,9,8,6,7
"6",7,7,6,7,7,4,4,5,5,9,2,4,8,9,5,4,3,5,7,8,8,8,8,7,5
"7",6,6,7,6,6,4,3,4,4,8,1,2,3,1,1,3,5,6,5,9,9,8,7,8,7
"8",3,1,2,5,5,3,3,4,4,3,5,7,3,3,7,3,1,1,5,5,7,3,7,3,3
"9",7,6,3,6,5,3,4,5,5,7,3,1,1,1,4,4,2,2,2,6,7,7,5,7,7
"10",7,7,7,7,7,7,5,5,5,9,5,5,5,9,9,7,6,5,8,8,8,9,7,9,9
"11",6,4,5,5,7,5,5,4,5,7,5,2,2,3,3,3,7,7,3,7,4,7,8,2,5
"12",6,7,7,6,6,5,4,5,4,8,4,2,1,2,5,5,7,6,7,9,9,8,6,5,6
"13",7,7,7,6,6,7,5,5,5,8,1,1,1,2,1,4,2,7,2,2,9,7,7,4,9
"14",4,3,3,3,3,4,2,2,3,4,6,5,4,4,6,5,2,5,3,4,5,4,5,4,4
"15",7,7,7,6,7,6,5,5,5,9,1,1,1,1,1,9,4,8,9,7,9,9,9,9,9
"16",6,6,6,6,6,4,4,4,4,8,5,5,3,3,3,5,5,5,6,6,7,8,6,7,8
"17",7,7,7,7,7,1,4,5,5,9,1,1,1,1,1,5,5,1,1,9,9,8,9,9,9
"18",6,7,7,6,7,2,3,3,3,9,8,6,2,9,7,3,7,1,7,9,9,9,4,6,7
"19",7,7,7,7,7,7,5,5,5,8,1,1,1,1,2,7,8,9,5,7,9,9,8,9,9
"20",6,7,7,4,4,5,2,2,2,5,6,5,5,5,7,7,5,1,5,7,9,7,9,6,7
"21",5,4,3,4,4,4,3,4,3,5,7,7,7,7,7,1,1,3,3,3,3,7,5,5,5
"23",7,6,3,3,6,6,4,5,5,6,8,5,8,4,8,9,2,5,3,3,9,7,7,6,9
"24",6,7,7,6,6,6,4,4,4,8,2,2,4,2,3,3,5,4,7,8,9,8,8,5,8
"25",7,7,7,7,7,4,5,5,5,9,6,7,1,1,1,1,1,9,9,9,9,6,9,9,9
"26",7,7,7,7,7,6,3,5,5,8,6,1,1,1,8,5,7,1,9,9,9,6,9,9,7
"27",7,7,7,7,1,7,5,5,5,9,1,1,1,9,1,1,1,3,1,1,9,9,7,1,9
"28",7,7,7,6,6,4,5,5,5,8,8,7,7,8,7,6,6,7,7,9,9,9,7,9,8
"29",7,7,7,7,6,4,5,5,5,2,1,1,1,1,1,7,5,9,9,9,9,1,8,8,9
"30",5,4,4,5,6,3,2,2,2,3,4,5,3,6,7,2,1,9,8,6,8,7,8,5,5
"31",6,7,6,6,6,5,4,4,5,7,3,6,4,4,7,5,3,5,7,9,9,7,6,7,9
"33",6,6,6,5,5,6,4,4,4,7,3,2,3,5,2,5,5,7,6,7,9,8,7,6,7
"34",7,7,7,7,7,6,4,5,5,7,9,2,1,9,1,7,9,6,8,9,9,9,9,9,9
"35",6,6,6,6,7,2,4,5,4,7,5,7,8,6,9,4,6,6,8,7,9,9,8,8,8
"37",6,6,3,6,6,3,4,4,4,7,1,1,1,1,1,3,1,7,9,9,9,7,8,7,8
"38",7,7,7,6,6,4,4,5,4,9,9,1,7,6,9,5,1,8,9,9,9,9,5,9,3
"39",6,6,6,6,6,5,4,4,4,7,2,1,2,2,2,5,5,6,7,8,6,8,7,6,7
"40",7,6,6,7,7,6,4,5,5,8,3,3,5,5,5,7,4,6,6,7,9,5,8,9,7
"41",6,4,5,4,4,4,3,3,4,5,5,3,5,5,5,5,5,5,6,6,5,7,6,6,7
"42",7,7,6,6,7,3,4,4,4,6,4,4,4,4,4,4,5,7,4,6,9,6,5,5,8
"44",4,4,5,4,5,3,3,3,4,8,5,5,4,5,7,4,3,2,3,4,5,6,5,4,5
"45",7,7,7,7,7,7,5,5,5,9,1,1,3,1,1,5,1,9,7,7,9,9,9,9,9
"46",7,6,6,6,7,2,4,5,4,9,4,1,4,2,5,6,6,2,2,8,9,8,7,9,8
"47",6,6,7,6,6,7,4,4,4,8,2,1,2,1,1,7,8,6,1,7,7,6,6,5,6
"48",7,7,6,7,7,6,5,4,5,9,3,1,1,1,1,5,6,7,7,9,9,7,9,9,9
"49",7,7,5,5,6,2,4,3,4,6,5,7,6,7,4,4,3,8,9,7,9,9,7,7,9
"50",7,7,6,6,7,5,5,5,5,8,1,1,1,1,1,2,1,5,2,9,9,8,9,9,9
"51",7,7,7,7,6,7,4,4,4,9,2,1,2,1,1,7,8,7,7,8,8,9,8,8,8
"52",7,7,7,7,7,7,5,5,5,9,1,1,1,7,1,7,7,7,9,9,9,9,9,7,9
"53",5,5,5,4,4,5,4,4,4,6,3,4,6,4,6,2,4,4,4,6,4,6,6,4,5
"54",6,4,6,4,5,5,4,4,4,6,3,4,2,3,3,4,3,5,7,9,9,9,5,5,9
"55",6,7,7,5,6,2,4,4,4,8,1,1,1,1,1,4,1,1,1,8,6,7,6,6,6
"56",7,7,7,7,7,1,5,5,5,8,1,2,2,2,8,7,5,7,7,9,8,9,9,9,9
"57",7,7,6,7,7,6,4,5,5,8,2,1,5,2,3,5,6,5,2,8,7,9,8,9,9
"59",4,4,4,4,4,4,3,3,3,5,5,5,5,5,5,5,5,5,5,5,5,5,5,5,5
"60",7,7,4,7,7,3,5,5,5,9,1,9,9,9,9,9,9,9,9,9,9,9,9,9,9
"61",5,3,6,5,6,6,4,3,3,9,5,2,3,5,5,6,7,1,5,9,9,5,6,4,7
"62",7,7,7,7,7,2,5,5,5,9,8,5,3,3,8,1,7,1,3,9,9,7,9,9,8
"63",7,7,7,6,6,4,4,5,5,8,3,4,2,4,5,6,6,7,7,7,7,8,7,9,8
"64",7,7,7,7,7,7,5,5,5,9,1,1,1,1,1,3,1,1,5,9,9,9,9,9,9
"65",4,5,4,5,6,5,3,3,3,9,1,1,3,1,1,2,5,5,1,5,9,1,3,1,7
"66",7,6,6,7,6,6,4,5,5,8,3,2,2,3,5,2,4,4,4,7,9,8,7,7,8
"67",6,5,6,6,6,5,4,4,4,7,5,5,5,3,3,5,3,5,5,7,7,7,7,7,7
"68",7,6,5,7,6,4,5,5,5,8,4,7,3,4,6,6,7,6,9,7,9,7,9,8,5
"69",7,7,7,7,7,7,4,5,5,7,7,3,8,9,9,6,5,5,9,9,9,7,9,6,9
"70",6,7,6,6,7,6,5,5,5,9,1,1,1,3,3,5,7,5,7,8,8,7,8,9,7
"71",5,4,5,5,5,5,3,4,4,7,2,3,3,3,3,4,1,1,2,4,6,5,3,5,4
"72",7,6,6,7,7,2,5,5,5,9,7,1,3,5,7,5,3,5,7,9,9,7,9,9,9
"73",7,7,7,6,6,2,5,5,5,7,1,2,1,1,1,5,1,5,5,9,9,9,6,9,8
"75",6,6,6,7,7,5,4,5,5,8,2,6,7,3,3,7,6,7,5,6,9,8,8,8,7
"76",7,7,7,4,7,7,4,5,5,9,1,1,1,3,1,1,2,9,7,8,9,3,9,8,9
"77",7,7,6,5,4,5,5,5,5,9,6,1,1,2,1,5,5,5,4,8,5,8,5,7,9
"78",5,5,4,6,5,4,4,4,4,8,5,5,4,4,6,4,3,4,4,6,7,7,7,5,7
"79",7,6,7,5,7,3,4,4,4,9,5,9,9,9,9,3,9,7,7,9,9,9,7,9,9
"80",7,7,6,6,7,2,5,5,5,7,2,1,1,2,2,2,9,8,8,8,9,7,8,9,9
"81",7,7,7,7,7,6,5,5,5,9,1,1,1,1,1,7,5,5,9,7,9,9,9,7,9
"82",7,7,7,7,6,6,5,5,5,7,5,5,7,7,7,7,7,9,8,8,9,9,9,9,9
"83",6,6,6,4,4,3,4,4,4,7,5,4,9,5,8,5,5,9,5,8,9,9,8,9,8
"84",7,7,7,7,7,7,5,5,5,7,5,2,1,1,6,9,9,9,9,9,9,9,8,8,9
"85",6,4,7,7,7,2,3,4,3,9,5,5,3,5,2,7,1,8,9,7,9,8,9,8,9
"86",7,7,7,7,7,1,5,5,5,9,1,1,1,1,9,1,1,1,9,9,9,9,9,9,9
"87",6,7,5,6,6,2,3,4,5,9,3,5,3,2,6,4,6,5,7,7,8,7,9,8,8
"89",7,7,7,7,7,7,5,5,5,9,2,1,1,1,5,7,5,5,8,9,9,9,9,9,9
"90",7,7,7,7,7,7,5,5,4,8,3,2,3,2,4,7,9,7,8,9,9,9,9,9,9
"91",6,4,6,4,5,2,5,5,4,5,1,1,9,3,1,1,1,3,5,5,9,7,5,5,7
"92",6,4,5,3,4,5,3,4,4,8,3,5,3,2,5,3,1,1,4,6,8,4,7,5,5
"93",5,6,6,5,7,3,4,4,5,6,6,4,2,6,6,2,4,2,6,4,4,2,6,6,2
"94",6,7,7,5,7,4,5,5,5,8,5,3,1,5,7,5,4,2,5,7,9,8,7,9,9
"95",7,7,6,3,6,4,5,5,5,7,3,1,1,2,1,3,1,2,5,8,9,9,7,9,9
"96",6,6,6,5,4,7,3,4,4,8,7,6,7,7,7,3,4,6,6,9,8,8,7,5,8
"97",7,7,7,6,6,3,5,5,5,9,8,1,1,1,3,7,5,9,5,7,9,8,8,8,8
"98",7,7,7,7,7,7,5,5,5,9,1,1,1,1,1,7,3,4,6,7,9,6,5,5,8
"99",7,7,7,7,7,4,5,5,5,9,8,1,1,4,1,7,4,9,9,9,9,9,9,9,9
"100",7,7,7,7,7,3,5,5,5,9,2,2,1,1,1,8,9,9,9,9,9,9,9,9,9
"101",6,7,6,5,6,7,4,4,4,7,3,3,3,3,5,5,3,5,7,7,9,7,7,7,7
"102",6,5,1,6,7,2,5,5,5,7,7,9,7,7,3,5,5,5,3,7,7,9,7,7,9
"103",5,6,5,6,6,3,4,4,4,8,7,3,7,8,5,3,6,5,5,4,9,7,6,6,6
"104",7,7,1,7,6,5,3,4,5,9,8,9,9,9,9,5,3,2,3,4,7,5,5,6,9
"106",3,7,2,4,5,4,3,3,3,3,9,5,4,3,5,8,9,5,9,8,5,1,5,7,3
"107",7,7,1,6,7,3,2,5,5,9,7,9,9,9,7,3,5,1,5,9,9,9,7,5,9
"108",6,6,1,5,6,3,5,4,5,7,9,7,7,9,9,3,7,5,5,9,9,9,9,9,9
"109",6,6,6,6,6,6,2,3,5,9,1,9,1,1,9,9,1,7,7,9,9,6,5,8,9
"110",6,5,5,6,6,6,4,4,5,8,1,2,4,1,1,5,5,8,6,8,8,1,9,9,8
"111",7,7,7,6,7,6,4,5,5,8,1,2,8,2,6,8,5,9,8,9,9,9,9,9,9
"112",7,6,4,6,6,3,4,5,5,9,6,5,3,5,4,5,4,6,5,7,9,7,6,6,6
"113",7,7,7,7,6,6,5,5,5,9,1,1,1,1,1,8,7,9,9,9,9,9,9,9,9
"114",5,5,3,5,5,3,4,4,4,6,2,1,1,1,2,1,1,6,2,7,7,6,2,5,1
"115",7,6,7,7,6,7,5,5,5,5,1,1,1,1,1,9,4,6,8,7,9,6,6,5,9
"117",7,7,7,7,7,7,5,5,5,7,1,1,9,1,1,2,2,3,2,6,6,8,7,8,7
"118",6,5,7,6,7,3,5,4,4,9,1,1,1,1,7,3,1,9,3,7,8,8,9,5,8
"119",7,7,7,7,6,7,5,5,5,9,1,1,1,1,1,7,6,7,8,7,8,9,8,8,8
"121",7,7,7,6,7,3,5,5,5,9,1,3,1,2,3,6,5,4,5,9,8,7,9,9,9
"122",6,6,6,6,7,1,4,5,4,9,2,1,3,1,5,5,1,7,8,7,9,9,8,8,8
"123",7,7,7,6,6,3,4,5,5,8,3,2,1,2,4,5,2,5,2,7,8,8,6,7,7
"124",7,7,6,6,7,4,4,4,5,7,6,3,7,2,5,7,1,6,9,7,8,8,8,8,8
"125",7,7,7,6,6,6,5,5,5,9,1,1,1,1,1,9,5,9,9,9,7,7,7,7,7
"126",7,7,6,6,7,6,5,5,5,8,2,2,2,5,3,5,7,8,7,8,9,9,5,9,9
"127",7,7,7,7,7,1,5,5,5,9,1,1,4,1,1,1,9,9,9,3,9,1,9,9,9
"128",6,6,7,7,7,6,5,5,3,8,1,5,1,1,5,5,4,9,9,9,9,5,9,9,9
"129",7,7,7,7,7,1,5,5,5,9,1,1,1,1,1,5,1,3,3,8,9,9,8,7,9
"130",7,6,7,6,7,7,5,4,5,7,9,7,7,8,6,4,4,6,9,7,9,6,6,6,7
"131",7,6,7,6,6,6,5,5,5,8,2,3,6,2,3,4,5,6,7,7,8,1,9,8,9
"132",7,7,7,6,7,6,4,5,4,9,1,1,2,6,1,5,2,4,4,9,8,9,9,7,9
"133",7,7,7,6,6,2,4,4,4,7,5,5,5,5,5,5,5,5,5,5,5,9,5,5,5
"134",7,7,6,6,6,3,5,5,5,7,5,5,1,3,3,3,3,3,7,5,5,7,5,5,7
"135",7,6,7,7,6,6,5,5,5,9,2,2,2,1,1,8,2,8,7,8,9,1,9,8,9
"136",7,7,7,6,6,7,5,5,5,9,1,1,2,1,1,4,9,8,8,9,9,9,9,9,9
"137",7,7,7,7,6,6,5,5,5,9,1,1,1,2,1,5,1,5,3,9,9,9,8,9,9
"138",7,7,7,7,7,4,5,5,5,5,1,8,7,5,5,5,6,5,2,7,7,8,7,9,9
"140",7,7,7,7,7,6,5,5,4,9,1,1,1,1,1,2,2,2,5,8,9,8,8,2,8
"141",7,7,3,4,5,6,5,4,4,9,8,2,1,3,4,5,1,1,9,8,5,3,8,7,8
"142",6,6,6,6,6,6,4,4,4,8,3,1,1,1,2,2,5,4,1,8,8,2,7,8,8
"143",5,5,5,5,6,4,4,4,4,5,5,9,7,3,7,3,3,7,5,7,3,9,3,9,9
"144",7,7,7,6,7,6,5,5,4,7,1,1,1,3,5,1,3,9,9,9,9,9,7,9,9
"145",6,7,7,7,7,2,5,5,5,8,1,1,1,1,5,7,6,6,9,7,9,7,8,8,9
"146",7,7,6,6,6,2,4,4,4,9,3,3,2,2,2,7,5,7,4,7,9,8,8,6,8
"147",6,6,6,6,6,2,4,5,5,6,2,2,2,3,4,5,3,3,3,7,9,6,6,7,7
"148",7,7,7,7,7,7,5,5,5,9,5,3,3,3,1,5,9,7,1,9,9,1,7,9,9
"149",7,6,6,6,7,5,4,5,4,8,9,3,4,3,2,8,7,9,9,9,9,9,8,8,9
"150",7,6,7,7,7,4,3,3,4,8,2,5,8,1,9,4,1,1,1,1,7,1,9,9,9
"151",7,7,7,6,7,4,4,4,4,8,2,1,2,1,1,1,2,3,5,6,9,7,7,5,7
"152",5,6,6,5,4,5,4,4,4,7,4,3,3,3,4,5,7,6,4,7,7,5,6,5,5
"153",5,4,6,4,4,4,4,4,4,6,3,4,3,3,5,4,2,3,5,6,5,1,6,4,6
"154",6,5,7,6,7,2,4,5,5,7,5,1,7,3,7,1,9,5,5,9,5,9,5,7,7
"155",3,4,7,2,1,7,3,4,4,5,1,2,2,1,1,4,1,1,1,2,2,5,5,6,6
"156",7,6,7,7,6,7,4,5,4,8,1,3,5,1,1,4,9,6,8,9,9,6,6,7,9
"157",6,7,7,6,7,4,5,5,5,8,3,8,2,2,3,5,8,8,8,8,9,8,9,8,8
"158",5,4,6,7,4,4,2,5,5,9,7,5,3,3,3,5,3,5,7,7,9,9,9,9,9
"159",5,4,6,6,6,1,3,4,4,4,2,7,7,5,7,5,1,4,5,6,7,3,7,5,5
"160",6,7,7,7,7,6,5,5,5,4,1,1,1,1,1,8,8,1,6,7,4,7,9,7,4
"161",7,7,7,6,7,7,5,5,5,9,2,2,1,2,2,3,5,1,3,6,9,9,8,8,9
"162",7,7,7,7,7,7,5,5,5,9,1,1,1,1,1,9,9,9,9,9,9,9,9,9,9
"163",6,6,6,7,6,4,4,5,5,6,1,5,3,6,5,5,6,6,6,7,7,7,7,6,5
"164",4,5,7,4,5,3,3,3,4,9,3,5,3,1,1,1,1,1,1,5,5,7,7,5,5
"165",6,6,6,6,6,3,4,4,4,8,5,3,2,8,8,1,5,8,8,8,8,8,8,8,8
"166",7,7,7,7,7,7,5,5,5,9,1,1,1,1,1,9,1,1,9,9,9,9,9,9,9
"167",7,7,7,6,7,3,5,5,5,9,1,1,1,2,9,9,1,7,9,9,9,9,7,9,7
"168",7,7,7,7,7,4,5,5,5,9,1,1,1,1,1,8,6,7,7,8,9,9,5,7,9
"169",7,6,7,1,7,2,5,5,5,9,7,1,1,1,1,6,5,5,5,7,9,9,9,9,9
"170",7,7,7,7,7,7,5,5,5,9,1,1,1,1,1,9,9,9,9,9,9,9,9,9,9
"171",5,4,5,3,4,4,5,5,5,6,4,5,5,4,5,4,1,3,3,4,6,6,7,4,6
"172",7,7,7,6,6,4,5,5,5,9,3,1,1,3,3,5,3,3,3,5,5,9,7,3,7
"173",5,5,7,5,6,6,4,4,5,7,2,5,1,1,1,4,1,4,5,6,3,1,6,3,7
"174",7,7,6,7,7,7,5,5,5,9,1,2,7,1,1,6,9,8,8,9,9,8,7,7,9
"175",6,5,6,7,6,5,4,3,4,7,3,2,4,1,2,3,5,8,5,7,9,1,6,9,9
"176",7,5,7,5,6,7,5,5,5,9,2,1,1,7,1,1,2,6,5,3,9,9,8,8,8
"177",4,4,4,5,6,3,4,4,5,8,1,1,5,1,7,5,4,9,5,9,9,5,5,9,9
"178",4,4,3,5,4,4,2,2,2,5,5,5,5,5,7,7,7,1,1,5,9,5,5,5,5
"179",6,6,6,5,6,3,4,4,5,6,2,2,3,1,5,3,7,2,1,5,6,7,6,6,7
"180",7,6,6,4,4,5,3,3,4,6,3,2,9,4,8,4,1,5,5,6,6,7,8,8,9
"181",4,4,3,5,5,2,3,4,4,5,6,7,5,6,5,4,1,2,5,6,2,7,4,3,3
"183",7,7,7,7,7,7,5,5,5,9,1,1,1,1,1,5,3,9,9,9,9,9,9,9,9
"184",7,2,6,5,6,4,3,4,3,9,1,1,1,4,1,2,5,8,5,6,9,9,3,9,9
"185",7,7,7,7,7,7,5,5,5,9,1,1,1,9,1,9,9,7,7,9,9,9,9,9,9
"186",6,6,5,5,6,3,3,4,5,8,3,3,3,2,5,5,5,5,5,9,9,8,8,8,8
"187",7,7,6,7,6,4,5,4,5,9,2,1,4,2,3,7,6,8,9,8,9,8,8,8,8
"188",7,6,7,7,7,6,4,5,4,9,1,2,1,3,1,6,6,6,9,8,9,7,8,7,9
"190",5,7,6,4,7,4,3,5,4,9,5,1,9,9,5,1,1,1,1,5,7,1,9,9,7
"191",7,7,7,6,6,7,5,5,5,9,1,1,1,1,1,1,5,4,8,7,7,9,9,8,9
"193",7,7,7,7,7,1,5,5,5,9,2,2,1,2,2,8,8,9,9,4,9,9,9,9,9
"194",6,7,7,7,7,2,3,3,3,7,3,1,5,5,6,2,1,2,6,7,7,9,8,7,7
"195",7,7,7,7,6,6,5,4,5,9,1,1,4,2,6,7,8,6,9,8,9,8,8,8,8
"197",7,7,7,7,7,6,5,5,5,8,1,1,7,2,1,6,4,2,3,8,9,9,8,7,8
"198",6,6,6,6,6,6,4,4,4,8,2,4,2,3,2,6,6,7,6,6,7,8,7,7,6
"199",6,6,6,6,7,2,4,4,4,7,7,7,1,5,5,7,5,1,1,7,9,8,8,7,7
"200",7,7,7,7,6,6,5,5,5,9,5,1,1,1,2,8,8,7,7,9,9,8,8,9,9
"201",6,6,4,4,5,3,4,3,5,9,2,1,1,1,1,1,2,1,9,1,2,3,4,4,4
"202",6,6,6,4,5,4,4,4,4,8,2,3,1,1,1,5,6,7,7,9,6,5,5,6,7
"203",6,4,3,4,6,6,3,3,3,6,8,6,4,5,5,2,1,2,5,5,6,5,5,3,6
"204",6,6,2,6,6,2,3,4,5,9,7,6,9,9,9,7,7,9,9,9,9,8,3,8,9
"205",7,7,3,7,7,1,5,5,5,9,2,2,2,2,2,2,2,2,9,9,9,9,9,9,9
"206",6,7,2,6,7,2,4,5,5,8,9,9,9,9,9,5,1,5,1,7,7,8,7,7,7
"207",6,6,1,5,6,5,4,4,4,6,9,9,9,8,4,9,5,5,9,5,7,6,8,6,6
"208",6,6,5,5,7,6,4,4,4,8,5,3,1,5,5,9,5,8,5,7,6,5,7,7,6
"209",6,6,7,6,6,6,4,4,4,9,1,2,1,1,2,6,9,8,7,7,7,9,8,9,8
"210",6,6,2,6,5,2,4,5,4,8,7,6,8,6,7,9,6,9,6,7,9,9,8,7,8
"211",4,6,3,6,6,7,2,2,2,6,7,5,5,8,7,3,9,9,7,8,7,7,7,4,5
"212",7,6,7,7,5,7,5,5,5,9,1,1,1,1,6,5,2,1,1,8,9,9,9,9,9
"213",5,6,6,6,6,4,4,2,3,6,2,5,5,6,6,3,3,3,5,6,7,7,5,6,6
"214",6,6,6,6,6,6,2,2,3,7,5,1,3,1,5,9,5,5,5,7,7,3,7,7,7
"215",7,6,7,7,7,6,4,5,5,7,5,2,7,6,5,8,8,7,8,8,8,5,8,9,9
"216",6,7,6,5,6,7,5,5,5,9,2,1,5,2,2,6,8,9,6,6,9,7,9,6,8
"217",7,6,6,6,7,5,4,4,4,8,1,2,2,3,3,5,6,4,5,6,9,6,7,6,6
"218",5,5,2,7,6,4,3,4,5,5,3,5,5,5,5,9,1,1,9,3,9,7,7,7,7
"219",7,7,7,7,7,2,4,4,5,2,3,6,9,8,6,4,7,9,2,7,7,7,4,9,6
"220",7,6,2,6,6,2,5,5,5,9,7,7,1,1,2,6,1,1,1,6,8,7,9,9,8
"221",6,6,6,4,5,4,3,3,3,7,4,7,5,5,6,7,1,7,2,7,9,8,7,7,8
"222",7,7,7,7,7,7,5,5,5,8,1,1,8,3,1,1,1,1,9,8,9,8,5,9,9
"223",7,7,7,7,7,6,5,5,5,8,2,3,1,2,2,9,8,8,3,8,9,9,9,7,8
"224",7,7,1,7,7,1,5,5,5,9,1,1,1,1,1,1,9,9,1,9,9,9,9,9,9
"225",7,7,7,7,7,3,5,4,5,9,2,1,2,1,2,8,7,7,8,9,9,9,9,9,9
"226",6,6,7,7,7,7,5,5,4,7,2,1,2,2,1,8,9,1,1,5,8,5,8,7,7
"227",6,5,6,6,6,3,5,5,5,9,3,1,1,2,6,6,3,3,1,9,6,9,8,8,9
"228",7,7,7,7,7,6,5,5,5,9,1,1,1,1,1,6,5,9,9,9,9,8,8,8,9
"229",7,7,7,7,7,6,5,5,5,9,1,1,5,2,1,5,5,5,8,8,9,9,8,8,9
"230",7,7,6,5,6,4,1,5,4,9,5,1,2,1,2,5,6,9,9,9,9,9,9,9,9
"231",6,6,5,2,4,2,4,4,4,5,4,3,6,5,6,4,5,4,8,7,9,7,8,5,5
"232",7,7,6,6,7,2,4,5,5,9,2,1,1,1,2,8,2,2,2,7,9,9,9,8,9
"233",6,6,6,6,6,6,4,4,4,9,7,1,2,2,8,8,7,6,6,7,9,1,6,7,9
"234",2,2,4,3,5,6,4,5,5,7,9,9,4,2,8,5,3,3,6,5,9,1,8,1,7
"235",7,7,7,7,7,2,4,5,4,8,2,2,5,2,2,6,8,8,5,9,9,9,8,8,9
"236",6,4,6,5,6,4,4,3,4,7,3,4,3,5,4,5,6,9,4,5,7,6,6,8,7
"237",7,6,7,5,6,2,4,4,5,8,7,2,1,3,4,6,1,5,1,6,9,7,6,3,8
"238",7,7,7,6,6,4,5,5,5,9,1,4,1,1,1,5,8,1,5,5,9,7,9,4,9
"239",7,7,7,7,7,1,5,5,5,9,1,1,9,1,1,1,1,1,3,9,9,9,9,9,9
"240",7,7,7,7,7,7,5,5,5,8,2,2,5,5,9,7,1,2,9,9,9,8,9,9,9
"241",7,6,7,5,7,3,3,4,5,8,1,1,2,1,1,4,3,1,1,9,6,9,9,7,9
"242",7,7,7,7,7,1,5,5,5,9,1,1,1,1,1,1,3,1,1,9,9,9,9,9,9
"243",6,5,6,5,6,5,3,4,4,5,4,5,4,5,6,3,4,6,4,3,5,5,4,3,4
"244",6,7,5,4,5,3,4,4,4,7,1,2,1,1,2,2,3,3,6,6,5,5,5,3,7
"245",7,7,5,5,6,3,5,5,5,9,7,8,5,1,6,7,1,1,2,7,9,8,7,7,9
"246",4,4,6,4,4,6,3,4,4,6,2,4,2,2,2,4,2,5,3,4,4,5,5,4,4
"247",7,6,6,7,6,4,4,4,4,6,4,6,5,6,8,5,5,6,7,7,9,8,8,8,8
"248",6,6,7,5,6,7,4,2,5,5,1,1,1,1,1,9,9,9,9,9,9,6,9,8,9
"249",6,7,7,7,6,2,5,5,5,9,9,8,2,2,9,9,2,2,2,8,9,9,8,9,9
"250",5,5,5,4,5,2,4,4,4,8,4,4,2,7,5,6,1,1,3,7,8,6,8,6,7
"251",7,6,2,5,6,3,4,3,4,7,5,6,4,2,7,4,1,2,5,9,9,9,4,6,7
"252",7,7,6,7,6,4,1,4,5,3,3,3,3,3,3,2,3,5,9,9,9,5,9,5,9
"254",6,6,6,5,4,6,3,3,3,7,5,3,2,2,6,5,1,2,2,8,8,5,7,6,6
"255",6,5,6,5,5,6,4,4,4,8,1,2,2,2,3,2,2,4,5,7,6,6,7,7,7
"256",6,6,6,6,6,5,3,4,4,9,2,2,3,2,2,7,6,7,7,7,8,9,8,8,8
"257",6,6,3,6,6,5,5,5,4,7,1,1,7,1,1,5,5,9,7,7,7,5,9,5,7
"258",7,7,7,7,7,7,5,5,5,9,9,3,5,5,9,9,5,9,9,9,9,9,9,9,9
"259",4,3,4,4,4,5,4,4,4,8,5,5,6,9,7,7,6,4,2,6,7,6,6,5,6
"260",6,6,1,5,5,5,5,5,5,7,5,4,3,5,3,6,1,1,6,7,8,9,7,6,5
"261",7,7,1,7,7,1,4,5,4,9,7,9,9,9,9,7,9,9,9,9,9,9,9,9,9
"262",6,7,5,7,7,1,4,5,5,9,8,5,8,7,9,6,1,1,1,9,9,7,9,4,9
"263",7,7,7,7,6,5,3,4,4,9,3,5,5,5,5,7,5,5,5,5,5,5,5,5,5
"264",6,6,2,6,5,6,5,5,5,9,5,5,5,6,6,9,9,9,7,9,9,9,9,7,9
"265",6,7,2,6,6,2,4,4,4,9,2,1,9,9,9,6,2,6,7,8,8,9,8,7,8
"266",7,7,1,7,7,1,5,5,5,9,7,9,9,9,9,5,7,5,7,5,9,9,7,7,9
"267",7,7,1,7,7,7,5,5,5,8,7,4,5,7,2,4,1,1,5,8,9,8,9,7,9
"268",6,6,4,5,6,3,4,4,4,7,7,8,8,8,8,5,5,6,6,7,7,9,6,7,7
"269",7,5,2,7,5,6,4,4,3,9,7,9,9,9,9,9,7,7,5,9,9,7,9,1,9
"270",7,6,7,7,6,6,4,5,5,9,2,3,1,2,2,5,6,2,5,8,9,8,9,8,9
"271",7,7,6,6,7,7,5,5,5,8,6,5,5,1,5,2,7,5,6,7,9,7,8,6,7
"272",6,5,6,5,5,5,3,4,4,6,1,6,2,2,2,5,4,1,6,5,6,2,6,6,6
"273",7,7,7,7,7,7,4,4,4,9,1,1,2,1,2,7,2,8,6,9,9,8,7,9,7
"274",6,6,6,5,7,4,3,4,3,8,1,1,3,1,5,8,5,4,2,2,5,6,2,5,7
"275",7,7,7,7,7,6,3,4,5,8,2,3,2,3,5,6,1,2,5,9,9,9,7,9,9
"276",5,5,6,6,6,6,5,5,5,8,1,1,5,3,2,1,2,3,4,7,9,9,7,7,7
"277",7,7,7,6,7,7,5,5,5,7,1,1,1,1,7,1,5,7,5,5,7,7,7,7,7
"278",6,6,6,6,6,3,3,3,3,5,3,5,5,5,5,3,5,6,5,6,9,6,6,5,6
"279",4,4,4,4,4,4,4,4,4,5,5,5,5,5,5,5,5,5,5,5,5,5,5,5,5
"280",7,7,4,5,7,1,5,5,5,9,1,9,1,1,1,9,9,9,9,9,9,9,9,1,9
"281",7,7,6,6,7,4,5,5,5,8,2,3,5,4,1,4,1,1,1,7,9,9,5,7,7
"282",6,6,7,6,6,3,5,5,5,8,6,7,2,6,1,4,8,6,6,8,8,8,8,8,8
"283",7,7,2,6,4,2,4,3,4,7,8,3,4,6,9,2,4,8,3,6,5,5,3,3,5
"284",7,7,7,2,7,7,5,5,5,9,2,9,5,5,5,9,5,5,5,3,5,8,9,5,5
"285",7,7,1,7,7,1,5,5,5,8,8,8,8,8,8,7,7,8,9,8,8,8,7,8,8
"287",6,6,6,6,7,2,4,4,3,7,6,8,1,5,1,6,4,1,5,7,9,8,9,9,7
"288",7,7,6,5,5,7,5,5,5,9,1,1,1,5,1,5,1,1,1,5,9,6,6,6,6
"289",6,6,7,6,6,4,5,5,5,7,6,4,1,1,1,9,4,4,4,9,9,5,6,9,9
"290",7,6,7,6,6,3,5,5,5,8,2,2,1,1,2,7,8,5,6,6,9,8,7,4,6
"291",3,2,6,4,4,5,4,4,4,5,5,5,5,5,5,5,5,5,5,5,5,5,5,5,5
"292",4,3,4,4,7,4,3,3,3,5,5,5,5,5,5,5,7,7,5,9,5,5,5,5,5
"293",5,6,6,5,5,6,3,4,5,8,3,3,4,3,7,6,2,3,5,6,6,7,5,6,9
"294",5,5,6,4,4,6,3,3,3,8,5,3,2,1,5,5,3,6,5,4,7,6,5,4,3
"295",7,6,5,7,7,2,5,5,5,7,3,3,3,1,3,3,5,9,9,8,9,9,3,8,9
"296",7,7,7,7,7,7,5,5,5,9,1,1,1,1,1,9,6,6,8,9,9,9,8,9,9
"297",7,7,7,7,6,7,5,5,5,9,5,2,2,1,2,5,6,8,9,7,9,9,9,9,9
"298",5,4,5,6,6,6,4,4,3,6,5,5,7,5,4,4,3,3,6,5,8,7,5,7,7
"300",6,6,2,6,6,6,5,5,5,8,7,7,5,5,5,6,5,5,5,8,8,9,8,5,8
"301",5,4,6,6,5,4,5,5,5,5,7,7,2,1,8,7,2,7,5,3,1,4,8,5,4
"302",7,7,7,7,7,7,5,5,5,9,2,1,5,1,5,8,9,5,7,8,8,9,9,9,9
"303",6,6,5,6,6,2,4,4,4,7,4,2,3,2,6,4,1,3,2,6,8,8,8,9,6
"304",7,6,6,6,5,3,3,4,5,7,8,8,5,8,9,9,7,9,9,8,9,9,9,6,7
"305",6,6,6,5,6,3,2,3,3,8,4,6,5,2,3,3,2,3,2,6,8,8,5,6,5
"306",5,5,6,5,7,3,4,5,5,5,4,9,6,9,7,8,1,9,5,8,9,7,9,9,9
"307",7,6,7,7,6,7,4,4,4,9,1,1,1,1,1,5,5,5,5,7,7,8,9,9,9
"308",7,7,7,7,7,7,4,5,4,8,2,1,6,4,4,9,7,7,8,7,9,9,8,9,9
"309",7,7,7,7,7,1,5,5,5,9,1,1,1,1,5,9,1,9,5,9,9,9,9,9,9
"310",6,6,5,6,6,2,4,4,4,8,3,1,2,1,2,6,1,1,5,7,2,8,6,8,7
"311",7,7,7,7,7,7,5,5,5,9,1,1,1,1,1,9,9,9,9,9,9,9,9,9,9
"312",7,7,7,6,7,7,5,5,5,9,7,3,3,1,3,2,1,2,5,9,9,9,7,7,9
"313",7,7,6,6,6,5,5,5,5,8,3,2,2,2,2,7,3,3,8,8,9,8,8,7,8
"314",5,5,5,6,6,5,3,3,3,5,3,3,6,3,3,4,4,4,4,4,7,5,5,5,4
"315",4,3,4,4,3,4,3,3,3,6,6,6,5,6,1,5,5,7,7,8,5,5,4,6,9
"316",6,5,4,6,4,3,3,4,4,6,9,5,1,3,7,1,1,7,3,7,7,6,5,7,7
"317",6,5,5,6,5,6,3,4,5,7,3,2,5,3,5,5,3,4,2,5,6,7,6,6,4
"318",7,6,6,6,5,7,4,4,4,6,5,3,3,2,2,9,9,8,9,8,9,6,9,8,9
"320",6,6,6,6,6,6,4,4,4,7,1,2,1,3,4,6,4,3,4,7,8,5,8,7,8
"321",6,7,6,6,6,4,4,4,4,9,5,2,1,2,5,5,7,3,1,7,6,8,7,5,6
"322",4,5,4,6,7,6,4,5,5,1,1,3,7,1,3,5,2,7,5,7,8,4,7,5,9
"323",7,7,7,7,6,7,5,5,5,9,1,1,1,1,2,7,7,7,7,8,9,9,9,9,8
"324",6,6,1,7,7,2,4,4,4,7,7,8,9,9,8,1,5,7,7,7,9,7,7,8,7
"325",6,7,1,6,4,3,3,3,3,5,8,7,7,5,5,5,2,3,4,3,6,5,4,3,6
"326",7,7,7,7,7,7,5,5,5,9,5,1,1,1,1,3,9,9,9,9,9,9,9,9,9
"327",6,7,7,7,6,7,4,5,5,7,2,1,1,1,1,1,1,1,1,6,6,6,4,6,6
"328",6,6,6,6,6,3,2,2,3,7,4,4,5,6,5,4,3,4,5,6,7,7,5,5,6
"329",7,7,7,7,7,3,4,4,4,8,8,7,3,5,6,8,7,7,9,9,8,8,7,9,9
"330",7,7,7,7,7,7,5,5,5,9,1,1,1,1,1,8,9,9,9,9,9,9,9,9,9
"331",7,6,1,6,7,2,5,5,5,7,1,1,5,5,5,5,5,5,5,5,5,7,5,5,5
"332",7,7,7,7,7,7,4,4,4,9,1,1,1,2,1,7,8,9,8,9,9,9,8,7,9
"333",7,7,7,7,7,7,5,5,5,6,1,8,1,1,1,9,9,9,9,9,9,6,8,8,8
"334",7,7,7,7,7,7,5,5,5,8,2,6,3,3,3,6,5,7,6,8,7,8,7,6,8
"335",7,7,6,6,6,6,3,3,3,8,3,2,5,6,5,5,5,5,6,8,5,9,6,6,9
"336",6,6,6,6,6,6,4,4,4,2,3,9,3,4,4,1,9,1,7,1,2,2,9,9,1
"338",7,6,6,6,5,6,5,5,4,8,1,4,2,1,3,2,1,4,4,6,9,7,2,2,6
"339",6,6,6,5,5,6,5,5,5,8,8,8,8,8,8,8,8,8,8,8,8,8,8,8,8
"340",7,7,7,7,7,1,4,5,4,9,2,1,1,1,2,1,2,1,6,5,9,9,8,5,7
"341",6,7,1,4,4,3,4,4,4,8,8,9,8,9,8,2,1,4,1,2,9,5,1,3,2
"342",6,6,7,6,5,5,4,4,4,9,1,1,1,1,1,1,6,6,1,9,9,7,7,5,6
"343",4,5,6,5,5,4,2,3,5,7,4,5,5,5,5,5,5,5,5,5,5,4,5,5,5
"344",7,7,7,7,7,7,5,5,5,8,1,1,1,2,1,8,9,9,9,9,9,9,9,9,9
"345",6,6,6,6,6,5,4,5,4,7,3,2,2,3,3,5,5,5,3,6,8,7,7,6,7
"346",5,7,6,6,6,5,4,4,4,7,8,3,2,4,3,5,3,6,5,7,6,9,7,7,9
"347",6,6,4,6,5,3,4,4,4,5,5,3,7,7,5,7,5,5,3,7,7,5,7,5,9
"348",7,7,7,7,6,2,5,5,5,9,1,2,1,1,1,3,2,3,4,7,9,8,9,9,9
"349",7,7,7,7,7,7,4,5,5,9,1,1,1,2,1,5,9,8,6,9,9,6,8,8,9
"350",7,7,7,4,7,7,5,5,5,8,6,3,4,1,1,5,2,5,8,6,6,6,8,9,9
"351",5,4,4,7,7,5,4,4,4,3,8,9,9,7,8,3,1,9,7,4,9,2,9,5,8
"352",7,7,5,6,7,2,5,5,5,9,1,6,1,5,1,5,1,1,8,8,9,8,8,9,9
"353",7,7,7,7,6,2,5,5,5,7,1,8,5,4,8,4,1,4,3,4,9,9,9,9,9
"354",6,5,5,5,6,4,4,4,4,8,3,3,2,5,4,9,1,2,5,7,8,7,8,5,8
"355",6,6,7,6,6,6,4,4,4,8,2,2,1,1,3,5,4,5,6,5,8,8,7,5,7
"356",5,5,3,5,5,3,3,3,4,8,3,8,7,4,8,6,8,7,8,7,8,8,8,8,8
"357",7,7,1,7,7,1,5,5,5,9,9,9,1,1,9,9,9,9,5,9,9,9,9,9,9
"359",6,6,6,4,6,3,2,2,2,7,8,7,5,5,5,1,1,1,1,5,5,4,5,3,5
"360",4,4,4,4,4,4,2,2,3,6,4,5,5,4,5,5,7,5,5,5,5,5,5,5,5
"361",7,6,6,6,6,7,5,5,5,8,2,1,5,3,1,4,1,1,1,5,6,8,8,7,8
"362",6,5,4,5,5,4,3,3,3,7,3,3,5,2,5,7,5,3,3,5,3,3,7,5,5
"363",7,7,7,6,6,3,5,5,5,8,3,2,1,1,2,5,5,8,7,8,5,5,6,7,6
"365",6,6,6,6,5,4,3,3,4,7,4,4,5,4,4,5,5,5,9,7,7,9,5,7,7
"367",5,5,3,5,5,3,5,5,5,5,5,5,5,5,5,5,5,5,5,5,5,5,5,5,5
"369",6,7,6,7,6,4,4,4,4,7,1,3,3,1,2,3,1,3,5,7,7,8,7,8,8
"371",5,3,4,4,4,4,4,4,4,8,3,3,3,7,7,2,4,1,2,7,7,5,1,4,7
"372",7,7,7,7,7,7,5,5,5,9,5,1,1,1,1,9,7,9,7,9,9,9,7,7,5
"373",7,6,6,6,5,6,3,4,4,6,5,2,5,1,5,4,6,4,6,7,9,7,6,9,8
"374",6,6,7,6,7,2,5,5,5,8,4,4,3,5,5,7,5,6,6,6,8,7,6,6,8
"375",6,6,6,5,6,5,4,4,4,7,2,2,2,5,2,6,6,6,5,7,7,7,7,8,7
"376",6,7,6,6,7,6,5,5,5,8,2,2,5,1,2,7,7,9,7,9,9,8,7,7,1
"377",4,5,6,6,6,4,3,3,3,6,5,7,6,5,6,3,5,5,7,5,6,5,5,4,5
"378",7,7,7,6,7,6,5,5,5,8,2,2,1,2,2,7,7,7,7,9,9,8,7,7,9
"379",6,5,6,5,4,3,3,3,3,7,8,6,5,5,8,6,7,6,5,6,7,5,5,5,7
"380",7,7,7,7,7,7,5,5,5,9,1,1,2,1,2,7,8,7,7,7,9,9,9,9,9
"381",6,4,4,5,4,4,3,3,3,5,5,7,7,5,5,5,3,3,7,7,5,3,5,5,5
"382",4,4,6,4,4,4,2,4,3,4,4,5,3,2,3,3,1,1,3,3,4,2,4,3,3
"383",7,6,7,7,7,7,4,4,5,8,5,3,2,2,9,6,5,5,7,9,9,9,5,9,9
"384",6,7,7,6,7,2,4,4,4,9,3,2,1,1,1,6,7,7,7,7,9,8,5,7,5
"385",6,6,7,6,5,4,5,5,5,7,2,1,2,1,1,5,1,5,3,7,8,7,7,6,8
"386",7,7,7,7,7,7,3,3,3,9,3,5,1,1,5,5,5,1,6,9,9,5,5,5,9
"387",6,6,7,6,6,6,3,4,5,8,2,1,5,5,5,8,7,7,1,6,7,7,7,7,8
"388",6,6,6,6,6,3,3,3,4,6,7,3,2,5,5,8,6,7,5,5,5,9,7,5,8
"389",7,4,2,3,5,5,5,5,5,9,2,8,1,9,3,2,6,2,8,7,9,9,9,5,2
"390",6,6,4,5,7,2,3,4,4,7,5,6,5,5,8,7,5,5,6,9,8,8,8,7,7
"391",6,6,6,6,6,5,4,4,4,9,1,2,7,6,2,7,5,5,5,7,9,9,9,7,8
"392",5,5,6,5,5,2,4,4,4,6,3,3,4,3,9,5,6,5,6,7,8,6,7,6,8
"393",6,6,6,6,7,6,4,4,4,7,3,2,3,2,5,3,8,5,6,7,8,6,7,7,6
"394",6,5,6,5,5,6,2,3,3,8,3,2,2,3,5,2,1,1,1,8,8,5,4,3,4
"396",6,5,6,4,4,2,3,3,3,7,3,5,6,3,7,5,3,5,5,5,6,5,7,5,7
"397",5,4,4,5,6,2,3,3,3,6,5,5,5,4,5,1,1,1,1,5,1,7,8,1,1
"398",7,7,7,6,5,5,5,5,5,8,1,1,1,1,1,1,7,7,3,7,8,8,7,7,7
"399",7,6,6,6,6,4,3,4,4,6,6,2,5,5,6,5,4,6,5,5,7,3,4,4,6
"400",5,4,5,4,4,4,2,2,3,5,3,5,3,5,4,2,1,1,3,5,5,5,5,4,4
"401",7,7,6,6,7,4,3,4,3,8,3,2,2,2,2,7,9,7,7,9,9,8,8,8,8
"402",4,5,4,5,5,3,3,3,3,5,3,4,5,5,7,1,2,2,4,5,5,6,4,5,6
"403",6,6,6,6,6,2,4,4,4,5,6,5,8,6,8,7,6,7,5,4,9,4,8,9,3
"404",6,6,5,7,7,5,4,4,4,8,4,6,6,5,3,4,6,7,8,7,8,6,8,7,6
"405",7,7,7,6,7,6,4,4,4,8,2,3,9,9,8,3,4,9,9,8,8,8,7,8,8
"406",7,7,7,7,7,6,5,5,5,9,1,1,1,1,1,9,5,9,9,9,9,4,9,9,9
"408",6,6,7,6,7,6,4,4,4,3,2,5,4,1,2,4,3,2,1,7,6,8,7,5,5
"409",6,7,7,6,7,7,4,4,3,6,3,5,6,5,3,3,4,4,8,8,9,9,8,5,8
"410",5,4,5,5,6,6,3,2,4,6,3,5,3,2,7,2,1,2,1,4,1,4,3,3,3
"411",7,7,7,7,7,4,5,5,5,1,9,1,5,5,1,5,8,8,8,9,9,1,6,8,9
"412",5,6,4,6,5,3,3,3,3,5,9,4,3,4,7,4,2,2,5,7,9,9,4,6,7
"413",6,6,6,6,5,6,3,3,3,5,7,9,6,9,7,6,6,8,7,9,8,9,9,7,8
"414",7,7,7,7,7,7,5,4,4,9,9,9,9,9,9,9,7,8,9,9,9,7,9,8,7
"415",6,6,6,6,6,6,3,3,4,7,5,6,6,5,3,5,5,6,6,6,7,7,8,6,8
"416",7,6,6,7,6,5,5,5,5,8,8,8,5,5,9,8,5,7,7,7,7,8,8,7,8
"417",7,7,5,6,4,6,2,3,3,9,7,4,1,9,8,2,1,8,9,5,1,5,4,5,4
"418",5,5,5,6,6,6,3,3,3,4,3,4,3,4,4,4,2,2,3,3,4,7,6,6,6
"419",6,6,7,6,6,4,4,5,4,5,6,5,5,5,5,5,5,5,5,5,5,4,5,5,5
"420",7,6,6,6,7,7,3,4,5,6,9,1,6,5,8,7,8,8,9,9,9,9,9,9,9
"421",6,5,7,7,7,4,5,5,5,5,5,4,5,5,3,5,5,7,6,9,9,8,5,7,8
"422",6,7,2,6,6,5,5,5,5,6,5,4,4,5,4,6,8,9,9,9,9,8,7,5,9
"425",6,6,6,4,6,3,4,4,4,8,8,6,5,8,8,2,1,2,2,8,8,6,3,5,4
"426",5,5,4,4,5,4,2,4,3,7,8,7,5,7,7,3,1,5,1,5,9,8,5,3,6
"427",7,7,7,7,6,6,3,5,4,7,6,9,8,9,5,2,1,1,3,4,8,6,8,6,7
"428",7,6,7,6,7,7,4,4,3,8,9,9,5,5,5,3,1,5,5,5,5,7,8,5,5
"429",7,7,7,7,7,6,4,3,4,7,7,9,9,9,7,4,1,1,1,9,8,7,8,6,7
"430",6,7,7,6,7,1,4,4,4,6,5,4,2,4,6,4,6,8,8,6,9,3,5,4,4
"432",4,4,4,6,7,5,4,3,4,3,5,5,5,4,5,8,6,2,5,7,5,4,5,3,3
"433",6,5,6,6,7,1,4,4,5,5,7,5,5,8,5,2,1,4,2,7,9,7,8,7,8
"434",5,6,6,5,7,2,2,4,4,9,5,3,5,6,4,9,2,5,6,9,9,7,5,9,7
"435",7,5,7,5,7,3,5,5,5,9,8,9,9,9,9,3,1,1,8,9,9,6,5,5,8
"436",5,4,6,4,5,6,4,3,3,3,5,5,3,3,5,1,1,1,5,5,3,5,1,5,5
"437",7,6,7,7,6,5,4,5,4,9,9,9,9,8,9,6,5,7,8,8,5,9,9,9,9
"438",7,7,7,7,7,4,5,5,5,9,3,7,9,9,7,3,3,2,6,9,9,5,7,8,9
"439",7,7,7,6,6,6,5,4,3,8,9,7,5,7,9,9,8,9,9,8,9,9,9,8,8
"440",6,6,6,7,7,5,2,4,4,7,8,7,8,8,8,1,9,2,8,7,9,7,8,8,8
"442",7,7,7,6,6,6,5,5,5,7,8,8,8,8,7,2,3,3,2,7,9,9,7,6,7
"443",6,6,6,6,6,4,5,4,5,8,5,8,4,6,8,7,5,6,6,8,9,7,6,5,9
"444",5,5,5,5,4,4,2,2,2,8,7,4,3,5,4,4,2,5,6,4,7,6,4,4,6
"445",4,5,5,6,7,5,4,4,5,8,7,7,5,8,5,5,7,6,6,9,6,9,6,9,7
"446",6,6,7,6,5,5,3,3,3,7,7,9,8,9,7,4,6,6,6,5,8,7,6,6,6
"447",4,3,2,4,5,2,2,2,3,4,4,3,2,7,2,5,2,5,1,3,6,6,6,4,2
"450",6,7,7,7,5,4,4,3,4,7,5,9,5,9,8,7,7,4,6,7,9,9,8,8,8
"451",7,7,7,7,7,7,5,5,5,9,9,9,9,9,9,7,9,7,9,9,9,7,8,9,9
"452",7,7,7,7,7,7,4,4,4,8,9,8,7,8,5,7,9,9,8,9,9,8,8,8,8
"453",6,6,6,5,6,5,3,2,2,8,4,7,8,9,8,7,6,7,6,7,7,6,9,6,7
"454",4,3,4,4,5,3,3,4,3,3,5,5,5,4,6,7,8,5,5,9,5,5,6,4,6
"455",6,7,7,6,6,2,4,4,4,9,6,4,7,8,7,7,5,6,5,8,8,8,8,8,9
"456",6,7,7,4,5,7,4,3,2,9,7,4,8,6,5,4,6,7,7,8,9,4,6,5,7
"457",6,6,6,5,6,4,3,3,3,7,7,5,4,2,7,6,3,5,6,7,6,6,2,2,6
"458",6,6,6,5,6,6,3,4,3,7,8,8,8,8,8,4,3,3,5,5,5,4,6,4,7
"459",4,4,4,5,5,4,3,3,3,5,9,7,5,7,7,1,5,3,3,7,5,5,5,5,7
"460",7,6,7,6,7,7,4,4,5,8,8,6,9,9,4,5,5,5,8,7,8,8,9,7,8
"461",6,6,6,5,6,6,4,3,2,8,6,9,7,9,4,2,6,2,9,6,9,9,7,6,8
"462",6,7,7,5,5,5,4,4,4,7,8,7,6,8,6,4,4,6,5,4,5,7,5,7,6
"463",6,5,6,5,7,4,2,2,5,7,8,6,5,8,2,5,6,6,4,6,7,7,3,5,6
"464",7,6,7,5,7,5,5,5,5,9,7,7,7,7,5,5,7,5,7,7,9,7,5,7,5
"465",7,7,7,6,6,6,3,3,4,9,6,5,6,6,7,7,8,7,6,7,9,9,7,8,8
"466",6,6,7,6,6,6,4,3,4,8,7,8,8,9,9,6,7,6,7,7,8,7,8,7,8
"467",6,5,6,6,5,3,3,3,3,7,8,7,7,8,9,3,4,6,6,7,8,7,7,3,6
"468",6,5,6,6,6,3,3,3,3,4,6,9,5,8,8,6,9,8,7,7,3,4,8,4,6
"469",6,6,7,6,5,4,4,4,3,6,5,9,5,9,6,7,4,5,5,6,6,7,5,5,7
"470",4,5,5,4,6,5,5,4,5,3,4,7,7,7,3,2,5,5,6,6,9,6,5,5,5
"471",5,6,4,6,6,4,5,5,4,5,6,3,4,6,4,5,4,6,5,6,7,9,7,7,7
"472",7,7,6,6,6,6,5,5,4,7,8,8,7,9,8,2,2,8,2,8,8,3,2,2,7
"473",7,7,7,6,7,2,1,5,5,9,9,1,5,5,5,1,9,7,5,5,5,1,1,7,9
"474",7,7,2,7,6,2,3,4,5,5,7,7,4,2,8,9,7,5,5,8,9,9,9,7,7
"475",6,5,3,6,6,2,2,2,5,5,1,2,3,1,2,9,8,7,3,8,5,6,5,6,7
"476",6,4,6,7,5,4,3,3,3,8,4,3,4,4,6,2,1,1,2,3,7,7,7,5,5
"477",6,6,6,5,6,2,4,4,4,5,5,5,5,5,5,5,5,5,5,5,5,5,5,5,5
"478",5,4,5,4,5,3,2,2,2,5,9,6,5,6,8,1,5,5,6,7,9,8,5,6,8
"479",7,5,4,5,5,5,4,4,4,5,5,9,4,9,1,3,3,1,1,9,1,8,2,2,9
"480",7,6,7,6,7,6,4,4,5,8,7,9,8,9,5,8,6,7,5,8,9,7,7,7,7
"481",6,7,6,6,7,6,4,3,5,7,8,4,9,5,9,4,8,8,9,8,7,7,5,8,7
"482",7,7,7,7,7,4,5,5,5,6,9,6,5,4,5,8,5,9,8,7,9,7,9,6,7
"483",6,6,5,3,3,2,3,3,3,6,8,6,6,6,6,8,9,8,3,8,3,8,6,9,7
"484",6,7,7,6,5,4,4,5,5,9,8,5,5,8,6,4,2,5,5,5,9,9,7,8,8
"485",7,6,6,6,7,2,2,2,2,6,6,5,5,6,6,7,2,3,5,7,7,5,4,8,8
"486",7,7,7,3,6,5,5,5,5,9,8,8,8,9,9,9,7,9,8,9,9,7,8,6,8
"487",7,7,7,7,4,6,5,5,5,9,9,9,9,9,9,5,5,5,5,5,9,9,8,4,6
"488",7,7,6,7,7,7,5,5,5,9,9,9,9,9,9,7,9,7,9,7,9,9,9,9,9
"489",7,7,7,6,6,6,4,5,5,9,9,7,9,9,5,3,1,5,9,9,9,9,7,7,9
"490",7,6,5,5,6,4,4,5,4,7,5,3,3,1,2,6,3,5,8,7,9,9,8,6,9
"491",6,4,6,6,5,4,2,3,3,5,4,4,5,8,5,5,1,5,8,8,9,4,9,3,5
"492",7,6,6,6,7,6,4,4,5,7,4,2,1,3,4,7,5,5,5,5,9,9,8,8,7
"493",5,5,5,6,3,5,2,2,2,7,7,3,7,9,8,5,5,7,5,6,7,7,7,7,7
"494",6,6,5,6,6,5,3,3,3,6,7,8,6,8,6,2,3,1,3,6,5,7,7,3,7
"495",7,7,6,6,6,6,4,3,4,7,9,9,9,9,3,3,1,7,5,7,9,9,9,9,9
"496",5,4,4,5,6,3,3,3,4,6,8,9,5,7,6,8,7,8,5,8,9,7,6,7,7
"497",6,5,6,5,6,4,4,3,3,7,5,6,7,8,4,7,6,6,6,7,9,5,6,8,7
"498",5,3,5,5,6,4,2,3,2,5,6,7,7,8,4,4,6,3,3,6,4,6,5,6,5
"499",6,5,6,5,6,4,4,3,2,7,9,7,7,6,9,5,6,9,7,8,7,9,5,8,6
"500",6,5,4,5,4,4,4,3,4,8,3,7,7,5,5,4,2,3,5,7,8,8,7,3,8
"501",6,5,6,6,6,5,2,3,3,7,7,7,7,9,7,5,3,4,4,4,7,7,6,5,5
"502",6,6,6,6,6,4,3,3,3,8,8,5,8,9,8,3,5,3,3,5,5,4,8,3,5
"503",6,6,4,6,6,6,5,5,4,7,7,9,7,9,7,3,1,5,6,9,9,5,7,5,9
"504",5,5,5,5,5,5,3,3,3,6,7,7,7,3,5,5,2,5,7,7,4,5,5,4,5
"505",5,6,6,6,6,4,4,3,4,6,7,8,6,5,5,5,5,5,5,5,9,7,7,6,7
"506",4,5,5,4,5,6,5,5,4,6,8,5,7,9,9,1,5,2,2,3,3,5,5,2,7
"507",6,7,6,6,6,4,2,3,3,5,4,3,4,3,3,2,2,6,6,5,7,3,3,6,7
"508",7,7,6,5,7,1,5,4,4,5,7,8,5,6,7,7,1,4,5,9,9,7,7,7,7
"509",7,7,7,7,7,6,4,4,4,5,5,7,9,9,1,3,9,3,3,9,9,8,7,8,8
"510",7,7,7,6,7,6,5,4,5,7,7,3,3,8,7,5,7,5,5,7,9,7,5,7,6
"511",7,7,7,7,7,3,5,5,5,9,6,8,9,9,7,9,8,8,8,9,9,9,9,9,9
"512",5,5,4,4,7,3,2,3,2,6,7,9,2,2,5,2,1,5,5,5,5,7,2,5,5
"513",6,5,6,4,4,4,5,2,4,8,5,8,6,9,3,1,2,5,1,5,9,1,6,5,5
"514",7,7,7,7,7,6,5,5,5,8,8,7,2,7,8,7,8,2,7,9,9,9,9,9,9
"515",7,7,7,6,6,3,4,4,5,8,7,9,9,9,8,8,5,5,5,7,9,9,8,8,9
"516",5,3,4,5,6,3,4,3,3,4,4,7,6,8,7,8,7,5,5,7,6,2,1,9,8
"517",5,5,1,4,2,5,1,1,3,4,6,3,3,5,3,1,3,3,4,5,8,5,6,2,5
"518",7,7,7,7,7,7,5,4,4,9,8,9,9,9,8,7,8,7,8,8,9,9,9,9,9
"519",7,7,6,6,7,3,4,3,2,7,6,6,6,8,6,4,6,7,4,6,7,6,5,6,5
"520",6,7,7,7,7,4,5,5,5,8,2,2,3,1,1,5,9,9,5,9,9,9,9,9,9
"521",6,6,6,7,7,2,4,5,5,7,4,3,5,5,2,5,8,9,6,9,9,9,9,9,9
"523",7,6,7,7,6,6,4,4,4,9,8,9,9,9,9,5,1,1,5,7,9,9,7,5,9
"524",6,7,7,6,7,1,5,5,5,9,9,7,7,9,9,1,1,5,7,7,9,9,9,9,9
"525",6,7,7,7,7,5,5,5,5,6,8,8,9,9,9,6,8,8,5,9,9,8,7,8,8
"526",6,6,6,6,7,7,3,2,2,9,9,9,9,9,9,3,3,7,7,9,9,9,7,5,9
"527",5,5,4,4,7,5,3,3,3,5,5,5,3,4,7,1,5,2,2,7,5,2,6,8,5
"528",7,7,7,7,7,7,4,5,5,9,9,9,9,9,9,5,7,7,5,7,9,7,9,9,9
"529",5,5,3,4,4,3,1,1,2,4,9,9,4,9,6,5,3,5,5,5,7,6,6,5,6
"530",7,6,7,7,7,6,5,5,3,9,8,7,8,9,9,5,9,8,8,9,9,9,9,9,9
"531",5,4,5,5,6,3,2,2,3,4,4,8,4,5,3,3,8,5,3,5,5,5,4,6,4
"532",7,6,7,7,6,7,3,4,2,9,9,8,5,5,9,8,1,1,5,7,9,7,7,7,7
"533",7,6,6,6,7,2,5,5,5,8,5,3,8,8,5,4,4,4,5,8,8,8,9,9,9
"534",7,6,6,6,7,5,2,2,2,8,9,8,6,9,9,2,1,9,5,9,7,7,6,6,6
"535",7,7,7,7,7,3,5,5,5,7,7,6,7,7,6,6,6,5,6,9,9,9,9,8,9
"536",6,4,3,3,6,4,3,3,3,7,9,9,4,9,5,6,5,3,3,8,8,8,3,7,6
"537",6,6,6,6,6,6,4,4,4,7,7,7,7,8,8,6,5,6,8,7,8,9,7,5,8
"538",7,7,7,7,7,7,5,5,5,9,9,1,1,9,9,9,1,1,9,9,9,9,9,9,9
"539",4,5,5,4,5,4,3,2,2,8,5,8,9,7,9,5,6,5,1,3,9,5,4,6,3
"541",7,7,6,7,7,2,4,4,4,7,6,5,7,6,3,5,4,3,5,8,9,9,9,8,9
"542",6,7,6,6,6,6,5,4,4,9,9,8,7,9,4,5,5,5,6,7,9,8,8,8,8
"543",3,3,4,4,1,3,3,3,1,3,3,2,4,4,9,5,5,5,6,2,3,2,5,5,4
"544",7,7,7,7,6,3,4,4,4,7,9,1,1,1,3,5,7,1,7,9,7,9,5,7,7
"545",6,7,6,6,6,5,3,4,5,5,5,5,3,7,3,7,1,3,7,5,9,7,5,5,7
"546",4,3,4,3,4,6,2,2,2,5,6,5,5,7,5,3,4,3,5,6,5,6,6,4,6
"547",6,5,6,6,7,6,4,4,3,7,7,6,7,7,5,5,1,3,7,6,7,7,7,5,7
"548",6,6,6,5,6,4,5,3,4,8,7,3,7,8,2,2,1,8,2,8,9,7,3,3,7
"549",6,6,6,6,7,4,4,4,4,8,5,6,9,9,4,7,3,3,1,9,5,9,9,9,9
"550",7,5,6,4,5,6,3,3,2,8,7,8,3,4,5,5,6,5,5,6,8,6,5,5,6
"551",5,5,5,4,6,1,3,4,4,9,8,9,9,9,5,1,1,6,8,9,9,9,1,7,9
"552",6,7,6,6,7,2,3,4,4,7,2,7,5,7,5,5,5,5,9,5,9,7,7,9,7
"554",7,7,7,6,7,3,1,5,4,9,9,9,9,9,9,5,1,9,9,9,9,9,9,9,9
"555",7,7,7,6,7,7,5,5,5,9,9,9,4,5,9,7,6,8,9,9,9,8,7,8,9
"556",6,6,6,6,6,3,4,4,4,8,6,4,5,6,4,5,6,7,6,7,8,8,7,7,7
"557",7,7,6,7,7,6,5,5,5,6,9,9,7,9,7,5,2,9,9,9,9,9,9,7,9
"558",7,5,4,6,6,5,5,5,4,9,8,9,5,9,8,4,1,3,6,6,7,8,6,5,8
"559",5,5,6,6,7,5,4,4,4,8,5,4,9,8,8,4,3,7,5,5,4,6,5,3,5
"560",6,6,1,6,5,3,5,4,5,7,3,7,1,1,9,1,1,1,5,7,6,5,4,4,8
"561",6,6,6,6,7,6,4,3,3,7,8,5,8,8,8,8,7,7,5,9,9,9,9,6,8
"562",6,6,6,6,6,5,3,5,5,8,6,5,5,7,5,8,5,7,5,7,7,9,8,8,8
"563",6,4,3,6,6,6,1,5,4,5,5,4,1,9,2,1,1,1,5,9,9,8,6,5,6
"564",6,6,5,6,6,5,3,3,3,7,7,7,8,5,3,3,1,4,2,4,5,7,6,5,6
"565",7,6,6,6,6,6,5,3,4,9,9,8,9,8,9,7,8,5,4,6,8,9,6,6,4
"567",6,6,7,7,7,2,5,5,5,8,5,7,8,8,6,5,6,2,5,9,9,9,6,6,9
"568",6,5,6,6,7,3,4,4,4,8,7,8,9,9,4,5,1,5,7,6,7,7,7,6,8
"569",6,6,6,6,6,5,3,3,3,7,8,6,5,7,5,8,8,9,5,7,8,7,6,6,8
"570",6,7,6,5,5,4,3,3,3,7,8,9,9,9,9,6,4,8,6,9,5,3,5,5,6
"571",7,6,7,6,7,6,4,4,4,8,8,7,6,8,5,7,8,9,7,6,8,9,9,8,9
"572",6,6,5,5,6,2,5,2,2,7,5,7,2,3,6,2,2,5,5,6,8,5,4,6,6
"573",6,6,6,5,6,5,4,4,4,7,8,7,2,3,6,2,2,5,9,6,8,5,4,6,6
"574",6,6,7,6,6,6,4,4,5,2,8,3,1,1,5,7,8,7,8,8,9,9,8,8,9
"575",4,4,4,4,4,4,3,3,4,2,7,4,9,8,4,4,7,9,3,4,7,1,5,8,5
"576",4,5,4,5,6,6,5,4,5,5,7,5,3,4,6,3,3,5,5,6,7,7,4,4,5
"577",6,6,4,6,5,3,4,3,4,3,4,6,3,8,4,7,6,8,8,8,8,7,8,6,7
"578",7,7,7,6,6,4,3,4,4,3,9,9,9,8,9,7,6,5,8,9,9,6,9,7,9
"579",6,2,6,5,6,6,2,2,2,9,9,9,9,9,9,7,5,7,2,5,9,9,7,6,9
"580",5,3,5,4,4,3,2,2,4,4,6,6,5,5,5,4,2,3,5,7,9,7,8,5,8
"581",5,5,4,3,5,4,5,5,5,3,8,9,3,5,8,1,1,1,1,4,8,2,5,2,6
"582",4,4,4,4,4,4,4,3,3,6,3,7,1,9,3,1,5,7,3,5,8,6,2,4,6
"583",7,6,6,7,7,7,4,5,5,3,4,8,2,1,5,9,1,9,8,9,8,5,8,9,9
"584",6,6,7,6,6,4,3,4,4,7,8,5,7,5,5,8,3,4,6,6,9,9,8,7,8
"585",5,1,4,1,4,3,3,4,2,5,8,9,9,9,9,5,2,7,7,7,7,1,7,5,9
"586",7,6,7,7,7,1,4,5,4,5,5,9,4,2,4,8,6,9,9,9,9,9,9,8,9
"587",6,6,7,6,7,7,4,4,5,5,9,7,1,5,9,9,9,9,7,9,9,9,9,9,9
"588",7,7,7,7,7,6,4,4,5,9,9,9,5,7,9,5,3,9,7,7,9,7,7,7,9
"590",7,7,7,5,6,7,5,4,4,9,8,6,5,9,5,5,5,7,7,8,8,9,8,8,9
"591",7,7,7,6,7,7,3,3,4,9,5,9,9,9,9,3,1,3,1,9,9,9,5,5,7
"592",7,6,7,6,7,2,5,5,4,8,8,9,3,7,9,5,2,1,1,7,9,9,8,9,9
"593",7,7,7,7,7,4,4,4,5,9,8,6,8,8,5,7,1,6,5,8,9,8,9,8,9
"594",7,6,6,5,7,3,4,4,3,8,8,7,7,8,6,4,4,3,5,6,8,9,7,8,8
"595",7,7,7,6,7,7,5,5,5,9,9,9,9,9,9,3,5,5,9,9,9,7,5,9,9
"596",5,6,5,5,5,2,4,4,5,7,7,5,4,5,4,7,6,6,6,6,6,7,7,7,6
"597",7,7,7,7,6,6,3,3,3,9,5,9,5,5,5,6,1,5,7,8,9,9,6,7,9
"598",7,6,7,6,7,4,5,5,5,9,5,8,9,5,6,5,8,6,8,9,9,8,5,5,6
"599",7,7,7,7,7,7,5,5,5,9,9,1,6,9,9,5,8,5,9,9,9,9,7,2,2
"600",7,7,4,7,7,6,5,5,5,7,7,9,9,9,5,5,8,2,8,9,9,9,9,9,9
"601",6,6,7,7,7,4,4,4,4,8,8,8,8,9,9,9,9,9,9,9,8,7,8,8,8
"602",6,6,6,4,6,6,3,3,4,7,4,5,4,4,4,4,4,7,5,5,5,8,4,4,5
"603",4,7,4,7,4,4,5,3,3,5,7,5,5,5,5,5,1,5,5,9,9,1,7,5,9
"604",7,6,5,6,7,5,5,5,5,9,8,7,8,8,8,6,5,2,7,8,6,8,7,7,4
"606",6,4,6,6,7,3,4,4,5,7,8,8,8,8,8,5,5,4,5,6,5,7,7,6,7
"607",6,5,6,6,7,3,3,4,3,7,5,4,6,8,7,6,6,8,6,8,8,8,9,9,9
"608",6,6,6,6,7,5,4,3,4,7,7,5,6,8,5,6,5,9,5,9,7,8,5,7,6
"609",7,6,7,6,6,7,5,5,5,8,9,4,9,9,5,5,5,1,6,7,9,9,5,6,7
"610",7,7,7,6,7,7,5,5,5,9,9,9,8,9,9,5,7,7,8,8,8,8,8,8,9
"611",6,7,6,5,6,4,3,3,3,9,9,9,9,9,7,5,7,9,9,9,7,9,9,5,5
"612",7,7,7,6,7,2,5,5,5,9,2,5,6,6,2,8,7,8,7,8,8,8,8,8,8
"613",6,6,6,5,6,3,3,3,3,9,9,7,9,8,7,5,9,5,5,7,6,7,6,6,6
"614",7,7,7,5,7,4,5,4,5,9,5,6,8,9,8,8,8,9,5,8,9,9,3,3,8
"615",7,7,7,7,7,7,4,4,4,7,7,8,7,9,8,6,6,8,8,8,9,3,9,7,8
"616",6,6,6,5,5,4,3,3,4,8,3,4,4,6,2,3,6,5,5,7,6,6,7,5,7
"617",7,7,7,6,6,7,4,5,5,9,9,8,9,9,9,5,1,3,8,6,9,9,6,7,8
"619",7,7,4,6,7,2,5,5,5,7,6,7,8,9,5,9,7,8,8,8,8,8,9,8,8
"620",7,7,5,7,6,6,5,5,5,7,5,8,9,9,7,7,5,6,5,9,9,9,8,9,8
"621",7,7,7,7,7,6,5,5,5,9,3,1,2,2,5,7,9,9,9,8,9,9,8,9,9
"622",6,5,4,5,4,3,3,4,4,6,6,5,4,4,6,5,4,6,5,5,7,3,7,4,6
"623",5,6,7,6,7,1,5,4,4,7,7,8,8,9,5,5,1,1,2,6,6,7,2,7,7
"624",6,6,6,4,6,7,2,2,2,7,8,7,8,9,9,7,6,7,5,5,9,4,9,8,8
"625",5,4,6,4,4,4,5,3,3,5,5,4,5,4,5,3,6,5,8,7,9,5,5,2,5
"626",6,6,6,6,5,4,4,4,4,6,6,4,5,2,4,5,5,5,6,7,8,8,6,6,7
"627",6,6,6,2,6,2,5,5,5,5,6,6,6,7,7,4,3,3,4,3,4,5,3,5,5
"628",7,7,7,7,7,6,4,5,4,8,8,3,7,5,1,6,3,4,5,5,9,7,6,5,8
"629",7,7,7,6,6,6,5,5,5,8,3,2,8,5,8,2,2,1,2,9,9,3,7,9,9
"630",6,6,5,5,6,4,2,2,2,5,6,5,1,3,3,5,5,9,4,5,3,4,5,5,5
"632",7,7,7,7,7,7,1,5,5,7,3,9,7,3,5,9,9,9,7,9,7,9,7,7,9
"633",6,4,4,6,3,4,3,4,4,7,7,8,5,9,8,2,1,1,1,8,6,8,8,8,8
"634",6,5,4,5,4,5,2,4,3,5,6,7,4,4,5,5,3,4,5,6,7,5,6,5,6
"635",5,5,6,4,4,7,3,3,3,6,6,5,5,5,5,5,5,5,5,5,5,3,5,5,5
"637",5,5,4,4,5,2,3,3,3,8,7,7,2,7,8,2,5,1,2,4,8,7,2,4,5
"638",6,6,7,5,6,3,2,2,2,7,5,5,5,7,5,5,5,7,5,7,5,9,8,7,7
"639",7,7,7,6,7,6,5,5,5,5,7,7,7,7,9,1,5,9,8,9,8,7,6,5,8
"640",7,7,7,5,7,5,4,4,3,7,9,7,5,7,6,2,1,1,2,7,8,9,7,6,9
"641",6,6,6,5,5,2,4,4,3,5,7,9,9,9,9,1,1,1,5,7,9,7,3,5,7
"642",5,4,4,4,5,4,2,3,3,3,2,2,2,2,3,6,6,4,6,5,5,1,8,7,7
"643",7,7,7,5,5,3,4,5,3,5,5,3,5,4,4,5,7,8,6,6,6,5,5,7,6
"644",5,5,6,6,5,2,3,4,5,4,8,8,2,1,4,7,4,3,5,6,1,3,9,3,2
"645",4,4,4,5,5,4,2,2,4,1,7,4,3,4,5,5,6,7,5,9,7,2,9,9,9
"646",7,7,7,7,6,6,4,4,4,9,9,9,9,9,8,8,6,9,8,9,9,9,8,7,8
"647",7,7,7,7,5,2,4,4,4,9,5,9,9,5,8,7,9,6,7,8,9,6,6,7,6
"648",6,5,6,6,6,4,5,5,4,8,6,5,6,7,5,6,6,5,4,5,6,7,7,6,6
"649",7,6,6,6,6,1,3,4,3,8,7,8,5,6,6,7,6,9,8,8,9,8,9,6,9
"650",7,7,7,7,7,3,5,4,5,4,7,9,7,6,5,6,7,4,9,9,9,1,9,7,9
"651",6,5,6,5,4,6,3,2,4,7,9,7,9,9,7,3,1,5,5,7,9,7,7,7,7
"652",7,7,7,6,7,7,4,4,3,8,9,8,2,9,8,6,6,8,7,7,7,8,8,8,7
"653",7,7,7,7,7,7,5,5,5,9,9,9,5,9,9,7,9,9,9,9,9,9,9,9,9
"654",6,6,6,6,6,6,3,4,4,7,8,6,6,8,7,2,8,9,9,5,9,7,6,6,7
"655",7,7,7,7,7,7,3,3,3,8,9,9,9,9,9,5,3,8,7,9,9,3,5,4,6
"656",6,7,6,6,6,7,5,5,5,9,4,2,5,7,3,6,8,9,6,9,9,9,8,9,9
"657",4,4,4,4,6,4,2,1,2,7,6,4,3,4,5,7,6,8,6,7,6,6,7,6,7
"658",7,7,7,7,7,7,1,3,1,9,9,9,9,9,9,8,5,7,7,9,8,7,8,8,8
"659",6,5,5,5,7,3,2,2,2,7,7,5,8,8,7,3,2,5,5,6,7,7,7,5,6
"660",4,3,5,4,5,4,2,3,3,3,5,9,5,9,7,3,5,5,5,5,5,7,5,7,7
"662",6,7,7,6,5,5,5,5,5,8,8,9,9,9,8,7,5,6,9,8,9,9,7,7,8
"663",5,2,3,2,4,4,3,2,4,3,4,6,5,3,7,7,9,6,4,9,6,5,4,5,5
"664",7,7,7,6,7,6,5,5,5,9,9,8,9,9,9,7,7,7,9,8,9,9,8,9,9
"665",7,7,5,6,6,6,4,5,5,7,7,9,9,8,9,5,5,5,5,5,9,9,7,8,7
"666",5,5,7,4,4,6,4,3,3,6,8,8,8,8,7,1,1,2,4,5,4,6,6,4,5
"667",7,7,6,6,6,4,4,4,5,8,5,4,6,6,5,6,5,5,5,8,9,7,8,5,8
"668",7,7,2,6,7,6,5,5,5,9,7,3,6,8,7,8,5,9,9,9,9,7,7,7,9
"670",7,5,4,3,6,2,2,1,2,8,5,4,5,5,3,5,1,5,5,7,9,2,7,6,8
"671",7,7,6,7,7,5,5,5,5,9,9,7,9,9,5,5,2,4,9,9,9,9,9,8,9
"672",5,5,6,6,7,2,5,4,5,4,8,9,7,9,8,5,3,5,5,5,6,7,5,7,8
"673",6,6,6,3,5,3,4,3,3,7,8,4,8,8,7,5,4,6,5,6,7,8,6,6,7
"674",6,6,6,7,7,3,5,5,5,7,4,4,1,5,4,1,5,5,5,9,9,7,3,7,9
"675",7,7,6,6,5,4,5,5,5,7,8,8,9,9,7,7,8,6,6,5,7,9,5,5,7
"676",6,6,6,7,6,6,4,4,4,4,8,5,5,4,4,6,7,4,6,6,5,6,3,6,5
"677",6,6,6,5,3,5,3,2,2,7,7,6,8,8,5,7,8,6,5,6,7,8,6,7,8
"678",6,3,5,3,5,3,3,3,3,6,4,4,6,6,4,2,1,6,6,6,7,3,5,4,4
"679",6,6,7,6,7,6,4,4,4,8,8,9,5,7,9,5,6,6,4,5,6,9,7,8,7
"680",7,6,1,5,6,6,4,3,3,7,6,3,7,4,7,4,6,6,6,7,5,6,5,6,7
"682",6,6,7,6,5,7,4,4,4,8,3,5,5,5,5,5,5,5,1,5,6,8,6,5,6
"683",7,7,7,7,7,2,5,5,5,9,9,3,9,9,9,8,7,7,9,7,9,9,7,8,9
"684",6,6,6,6,6,3,5,5,5,8,6,6,4,5,3,5,8,7,6,6,8,7,6,5,7
"685",7,7,5,6,6,4,4,4,4,7,7,8,9,8,5,8,6,9,8,9,9,7,8,7,8
"686",4,2,2,2,5,6,1,1,3,6,4,5,5,8,8,5,5,8,1,6,7,5,3,3,4
"687",7,7,7,6,7,5,5,5,5,9,6,8,7,8,4,1,5,9,6,1,9,9,5,4,5
"688",6,7,6,6,7,2,3,3,3,5,9,8,9,9,7,9,5,7,7,8,5,7,8,7,7
"689",6,7,7,6,7,3,4,4,4,8,5,7,7,9,8,6,7,5,5,9,9,9,6,6,7
"690",2,2,2,3,4,3,2,2,2,2,5,4,1,1,4,8,7,9,5,8,8,2,5,2,5
"691",6,6,6,5,4,3,4,2,3,6,7,3,5,6,5,5,6,8,7,8,6,7,9,6,6
"692",7,7,6,7,6,6,3,4,4,8,8,8,6,9,8,9,9,8,5,8,8,6,9,8,8
"693",6,6,7,6,6,3,5,4,5,8,7,7,9,9,2,5,5,8,8,8,8,8,7,6,8
"694",4,2,7,3,6,4,2,2,1,7,8,7,8,8,4,8,8,9,8,9,7,1,7,2,8
"695",7,7,7,7,7,2,4,5,5,8,8,8,8,8,3,6,5,7,5,9,9,8,9,6,9
"696",4,2,6,5,3,4,2,3,3,5,8,5,2,5,2,5,4,6,9,8,5,6,4,3,5
"697",4,4,4,4,4,4,5,5,5,8,9,5,5,5,5,1,5,5,5,5,5,8,5,5,5
"698",6,7,3,6,6,3,5,5,5,8,5,5,7,5,4,5,7,5,8,9,9,8,7,6,7
"700",7,7,7,6,7,6,5,5,5,8,8,8,7,9,9,7,5,9,9,9,9,9,9,9,9
"701",4,5,3,6,6,4,4,4,4,6,4,2,4,8,2,3,8,5,5,9,8,5,2,3,7
"702",5,5,1,3,6,6,4,5,5,5,7,8,1,1,3,6,5,2,3,7,8,6,7,5,9
"703",7,6,6,6,7,5,4,3,4,9,4,6,5,9,7,5,3,6,3,9,7,8,9,9,8
"704",4,4,6,5,4,6,2,2,2,3,1,1,3,3,5,3,3,5,2,3,5,5,5,5,5
"705",6,5,7,4,6,2,4,4,4,6,7,1,2,6,2,5,6,5,5,6,9,7,8,6,6
"706",4,2,3,4,2,3,5,4,4,3,6,3,6,5,6,5,9,2,7,1,6,1,6,1,3
"707",6,4,5,4,6,4,5,2,1,4,9,3,6,7,7,1,8,1,5,6,4,1,2,4,1
"708",5,5,6,4,6,3,3,5,3,9,5,7,6,4,7,5,2,1,5,6,5,5,5,5,5
"709",4,2,4,7,6,4,5,5,5,4,5,5,7,8,4,2,5,4,2,8,7,5,5,5,6
"710",6,6,3,4,6,3,4,4,4,4,6,1,1,1,9,6,1,1,9,6,2,3,5,2,9
"711",5,5,5,6,3,3,4,3,4,6,5,3,5,7,3,4,3,3,5,7,9,6,5,7,5
"712",7,6,6,6,7,5,4,4,5,7,8,5,6,8,6,9,4,8,8,7,9,2,8,9,9
"713",7,7,7,7,7,7,5,5,5,7,8,7,5,9,7,5,5,1,9,7,7,9,7,9,7
"714",7,7,7,6,5,4,4,5,5,7,5,5,9,4,3,9,4,1,1,9,9,9,7,8,9
"715",5,6,3,6,5,6,4,3,3,7,5,7,3,8,3,5,1,6,6,8,9,6,7,6,7
"716",5,4,3,4,6,6,2,1,1,7,9,3,7,6,7,1,1,1,4,2,8,5,9,6,7
"717",6,6,6,6,5,4,5,5,4,8,7,7,9,9,8,5,4,6,9,8,9,8,5,5,9
"718",6,6,6,5,6,4,4,4,4,8,5,5,7,6,5,5,1,7,2,5,9,9,9,9,9
"719",7,7,7,7,7,6,4,4,4,8,9,9,8,8,9,7,6,7,7,7,9,5,7,6,7
"720",7,6,6,2,5,3,2,2,2,7,9,9,9,9,9,6,6,6,6,6,8,8,6,6,6
"721",5,5,1,7,7,2,4,3,2,5,6,3,1,2,3,9,8,8,7,9,9,2,7,7,8
"722",6,6,5,5,6,6,5,4,5,8,5,5,7,5,5,8,6,7,6,7,9,9,7,8,8
"723",7,5,6,3,6,5,5,5,4,8,6,7,8,8,8,5,8,4,7,9,9,8,7,6,8
"724",7,6,7,5,6,3,3,4,4,9,7,9,9,9,9,5,5,7,3,7,9,9,7,9,9
"725",6,5,5,6,6,4,4,4,4,8,8,6,8,8,8,5,7,6,6,7,9,5,7,6,7
"726",7,7,6,4,7,6,3,3,4,7,7,7,7,3,5,6,2,5,7,8,8,9,8,8,8
"727",7,7,7,7,7,3,4,4,4,8,8,7,8,8,8,5,7,7,8,8,9,8,8,8,9
"728",5,3,2,6,6,5,2,1,3,1,4,2,5,5,4,7,7,6,5,7,4,2,6,3,8
"729",7,7,7,7,7,7,5,5,5,9,9,9,9,9,9,9,4,5,9,9,9,9,9,9,9
"730",7,7,7,7,7,7,4,5,5,9,9,7,7,8,4,7,6,7,8,4,9,1,9,4,9
"731",7,7,7,7,7,3,5,5,5,9,9,9,9,9,9,9,9,9,9,9,9,9,9,9,9
"732",7,7,7,7,7,7,5,5,5,9,9,9,9,9,9,5,9,9,9,9,9,9,9,9,9
"733",6,7,7,5,6,4,4,3,4,8,8,8,8,8,9,5,5,5,5,6,9,5,6,6,7
"734",7,6,7,7,7,2,5,5,5,9,8,9,9,9,9,5,4,6,9,8,9,7,7,7,8
"735",6,6,6,6,6,4,4,4,3,4,4,5,5,5,3,8,9,9,6,8,9,7,6,7,8
"736",6,6,7,6,6,6,4,3,4,8,8,8,5,8,8,5,5,6,5,7,7,7,7,7,7
"737",7,7,7,7,7,4,5,5,5,9,6,9,3,6,5,5,2,2,7,9,9,9,9,4,9
"738",7,7,7,7,7,6,5,5,5,8,9,9,9,9,8,5,1,1,9,7,9,9,7,9,9
"739",7,7,7,6,6,4,3,3,2,8,7,6,8,9,9,8,5,6,6,7,9,9,8,8,6
"740",6,4,4,6,7,1,3,3,3,3,7,6,3,4,7,6,5,5,5,7,8,7,6,4,6
"741",7,2,5,4,5,2,4,3,3,6,9,6,2,1,5,2,5,7,8,7,4,1,3,6,6
"742",6,5,3,6,6,4,4,4,4,7,5,7,5,6,5,4,5,5,6,5,8,7,6,6,6
"743",6,5,4,7,7,1,2,2,4,6,5,5,5,9,2,4,1,9,5,9,9,5,9,5,7
"744",6,6,4,5,4,4,3,3,3,6,5,5,5,9,5,1,5,8,1,5,5,5,6,5,5
"745",6,6,7,6,6,6,4,4,4,5,3,5,5,9,5,5,5,4,9,7,6,5,9,9,6
"746",4,4,4,4,4,4,4,4,4,7,3,9,7,9,5,3,3,1,1,3,5,7,1,5,9
"747",7,7,7,6,6,4,5,4,4,7,8,8,8,8,6,5,5,8,8,9,9,8,7,6,8
"748",7,7,7,6,6,4,4,3,4,9,8,9,9,9,7,2,5,1,2,9,9,6,7,5,9
"749",7,7,7,7,7,7,5,5,5,9,9,9,9,7,9,5,1,1,5,9,9,9,9,9,9
"750",7,7,1,7,7,1,3,5,4,7,3,3,3,3,3,7,7,7,7,7,7,7,7,7,7
"751",7,7,7,7,7,7,3,3,3,7,9,9,9,9,9,5,5,5,7,9,9,9,9,5,9
"752",7,7,7,6,2,6,4,4,4,9,6,8,8,9,3,8,6,7,5,6,7,4,6,7,7
"753",6,6,3,3,5,3,4,4,5,7,8,8,8,8,7,6,5,4,7,8,7,6,8,6,6
"754",7,6,6,6,4,6,5,5,5,7,8,8,8,9,9,5,5,5,5,9,9,6,9,7,9
"755",7,7,6,4,4,2,4,4,4,9,8,9,8,8,8,4,5,7,9,8,9,6,6,7,7
"756",7,7,7,7,6,6,5,4,5,8,8,8,5,7,4,7,3,4,2,9,9,7,7,7,9
"757",6,6,7,5,5,3,3,3,5,7,4,7,8,7,7,4,5,8,8,9,9,5,7,6,6
"758",7,7,7,6,7,6,5,5,4,8,7,8,5,7,9,7,3,5,7,6,9,5,7,7,9
"759",6,6,5,5,6,6,4,4,4,7,8,8,8,9,8,6,5,5,6,7,6,8,7,6,6
"760",6,5,6,6,6,4,4,3,3,7,9,7,7,7,6,3,1,5,6,7,7,4,5,7,8
"761",7,7,7,6,6,6,5,5,5,9,9,9,9,9,9,6,1,4,8,5,9,9,6,8,9
"762",6,5,3,4,6,4,5,4,4,7,7,7,9,9,3,5,2,2,7,9,9,1,8,4,9
"763",7,6,7,6,7,5,5,4,5,9,9,4,3,5,5,9,5,9,7,9,9,9,9,9,9
"764",6,6,7,6,6,6,4,4,3,8,8,4,5,4,8,6,6,2,6,8,8,8,5,5,8
"765",6,4,5,4,6,4,4,4,4,5,6,5,5,7,3,5,9,7,5,8,7,7,8,7,7
"766",6,5,7,5,7,3,4,4,4,9,8,5,8,9,3,5,3,7,4,7,7,9,7,9,7
"767",6,6,6,5,5,4,2,2,2,6,4,3,4,6,5,3,2,2,3,5,6,8,7,7,7
"768",7,4,7,7,6,4,5,5,5,7,9,5,5,5,5,5,2,5,8,7,9,1,9,9,9
"769",7,6,7,6,7,6,4,4,4,8,9,9,9,9,9,5,6,5,7,8,7,8,8,8,8
"770",7,7,7,7,7,5,4,3,3,9,9,9,9,9,7,8,7,9,9,9,9,9,9,9,9
"771",6,6,7,5,7,6,4,4,4,9,7,5,9,5,7,4,1,4,5,8,8,8,7,6,7
"772",7,6,6,5,5,3,3,3,4,7,5,8,7,7,6,4,2,2,3,6,8,6,5,4,4
"773",7,7,7,6,6,3,5,5,5,8,9,8,2,9,9,5,4,9,4,9,6,9,7,6,6
"774",7,6,4,4,4,3,5,5,5,9,9,9,8,9,9,1,3,5,9,8,9,3,5,5,8
"775",7,6,6,6,4,3,4,4,5,9,9,9,9,9,9,1,1,1,3,9,8,7,8,7,9
"776",7,7,7,6,7,4,5,5,5,9,7,6,5,7,6,1,5,7,8,8,9,5,7,5,8
"777",6,6,4,5,6,3,2,3,3,6,5,7,7,8,7,5,1,3,1,6,3,7,7,7,7
"778",4,3,3,5,6,3,3,2,2,5,7,5,7,8,7,2,5,5,4,5,5,8,6,6,5
"779",7,7,6,7,7,6,5,4,5,8,7,8,9,8,5,2,2,6,2,6,9,7,3,7,8
"780",6,5,6,4,6,3,4,4,4,7,9,5,4,5,3,8,5,7,6,6,9,5,5,5,5
"781",6,6,6,3,5,6,2,3,3,7,5,5,5,5,5,5,5,5,5,5,7,3,5,5,5
"782",7,7,7,7,7,4,4,4,5,9,9,4,9,9,9,7,7,7,6,6,9,9,9,6,7
"783",6,7,5,5,5,6,2,3,3,6,5,5,5,5,5,5,5,5,5,5,5,8,5,4,5
"784",7,7,7,6,7,6,4,4,5,9,9,8,8,8,8,3,2,2,7,8,9,9,8,8,8
"785",7,7,7,7,7,3,4,3,3,2,4,4,2,3,4,8,6,1,6,9,6,2,6,2,9
"786",6,6,7,4,5,5,4,4,5,8,8,7,9,8,5,8,7,8,5,6,8,5,8,6,8
"787",7,7,7,5,7,4,2,3,4,8,5,9,4,6,8,3,1,2,1,1,9,9,7,6,4
"789",6,6,6,6,5,4,4,4,4,7,4,7,7,7,7,6,5,8,8,8,9,8,7,8,9
"790",7,7,7,6,6,7,5,5,5,7,9,2,2,9,3,5,5,5,9,9,9,9,9,8,9
"791",6,6,7,7,4,6,4,2,4,7,6,6,7,8,5,6,5,8,1,3,6,4,3,7,4
"792",6,4,5,6,6,4,3,3,3,6,6,7,4,4,7,8,6,7,6,7,9,5,8,5,7
"793",5,5,6,6,6,5,4,5,4,7,5,3,1,5,3,5,3,6,3,8,7,7,7,5,6
"794",7,7,7,6,6,4,4,5,5,6,6,9,5,8,4,5,7,7,6,7,7,7,6,6,7
"795",6,6,7,6,6,4,3,3,3,8,6,6,9,9,6,2,2,5,4,7,7,8,5,5,5
"796",7,6,6,6,7,2,3,4,3,7,7,6,5,8,5,5,6,5,6,7,7,6,9,5,7
"797",6,6,2,6,6,2,3,4,4,7,7,9,7,7,3,1,3,1,3,1,3,7,7,1,3
"798",6,6,6,6,6,6,4,3,5,6,4,5,3,3,4,2,2,6,7,8,9,6,7,2,8
"799",6,6,6,6,7,4,3,3,4,7,5,5,7,7,4,2,4,6,6,7,6,6,6,6,8
"800",4,5,5,5,6,4,2,2,3,5,6,4,1,5,3,5,2,5,5,5,4,6,6,3,5
"801",6,5,4,4,6,7,5,5,5,7,9,8,9,9,5,1,9,1,7,7,5,9,7,7,9
"802",7,6,7,7,7,7,5,5,5,9,9,9,9,9,9,5,2,3,5,9,9,9,9,5,9
"803",7,7,6,7,6,1,4,4,4,2,5,2,2,6,3,5,1,5,7,5,5,5,6,6,7
"804",7,7,5,6,5,6,5,4,4,6,8,1,6,9,5,4,3,5,8,6,9,7,7,6,6
"805",6,5,4,4,4,6,5,4,3,7,4,5,1,4,4,7,5,5,9,9,5,2,6,4,6
"806",7,7,7,7,7,4,5,5,5,9,5,5,5,7,5,7,2,7,5,8,8,9,7,7,9
"807",7,7,7,6,7,3,5,5,5,8,8,7,5,8,8,8,2,6,7,8,9,9,9,7,8
"808",7,7,7,7,6,3,3,3,5,9,5,9,9,8,8,2,2,2,3,5,7,8,6,9,8
"809",7,7,7,7,7,7,5,5,5,8,9,6,6,8,8,5,5,8,9,9,9,7,8,9,9
"810",6,5,4,5,7,5,2,3,2,9,2,2,7,1,5,5,2,8,7,5,8,9,8,8,9
"811",6,6,7,5,5,6,5,5,5,8,8,5,8,8,7,4,4,5,5,5,9,9,6,5,7
"812",6,6,7,5,6,4,3,5,5,7,6,5,7,7,7,2,3,6,5,6,8,8,6,7,7
"813",6,5,6,6,6,2,4,5,5,7,6,5,4,3,5,5,7,7,8,9,9,6,6,6,7
"814",7,7,7,7,7,1,4,4,3,7,8,9,4,9,9,7,1,5,3,6,9,9,5,8,9
"815",6,6,6,5,7,6,3,3,3,8,9,1,9,5,2,1,1,9,9,9,9,3,9,5,6
"816",7,6,6,6,6,4,4,4,4,8,7,4,8,9,5,6,6,7,7,8,9,7,7,5,8
"817",7,7,7,6,6,2,3,4,4,6,3,3,5,5,3,5,4,7,5,9,9,7,8,8,9
"818",7,7,7,7,6,6,5,4,4,8,7,6,1,3,8,9,7,8,9,8,9,6,6,7,8
"819",6,5,4,3,6,3,3,3,3,5,5,8,2,5,6,4,9,9,5,6,9,5,4,4,7
"820",7,7,1,6,7,2,5,4,5,7,8,8,5,5,5,6,5,7,9,6,9,9,7,7,9
"821",6,6,6,5,4,7,5,3,4,7,8,2,3,2,5,7,6,8,7,7,9,7,7,7,7
"822",7,7,7,7,7,6,5,5,5,9,5,5,9,9,7,5,5,7,7,9,7,9,9,8,9
"823",5,5,6,6,6,4,4,4,5,7,7,7,5,7,7,7,5,5,7,5,9,5,8,7,8
"824",6,6,5,6,7,6,3,5,3,7,6,4,6,3,4,6,7,6,6,5,9,8,5,8,7
"825",7,7,7,7,7,5,5,2,5,7,9,9,5,9,6,3,1,9,9,9,9,9,9,9,9
"826",6,7,7,6,6,6,2,2,2,9,9,8,8,9,7,3,1,5,5,7,8,9,7,7,7
"828",6,5,4,6,7,4,4,4,4,8,5,6,5,5,5,7,5,6,5,8,9,8,5,6,6
"829",7,7,7,7,4,7,5,2,1,5,3,3,7,8,3,9,6,4,1,2,9,2,3,5,5
"830",7,5,7,7,7,2,3,3,4,7,7,8,9,9,7,6,5,7,9,7,9,8,8,6,6
"831",7,4,4,1,4,4,3,4,3,5,5,9,9,9,9,6,5,1,5,1,5,5,5,5,5
"832",5,5,6,5,4,4,2,2,2,6,7,8,5,8,7,3,2,5,2,7,5,7,7,6,5
"834",7,7,7,7,7,7,5,5,5,3,8,8,2,5,7,6,5,6,6,7,8,9,8,7,8
"835",6,6,4,5,7,3,4,3,3,6,8,8,7,8,8,5,5,4,2,7,8,8,3,5,8
"836",4,5,5,5,5,5,2,1,1,5,4,5,5,5,4,3,3,3,3,5,5,7,5,6,5
"837",7,7,7,7,7,2,4,5,4,8,5,5,7,8,4,7,6,7,8,8,9,8,9,9,8
"838",7,7,7,7,6,2,3,3,4,9,8,5,8,9,9,6,3,8,3,9,9,5,8,8,9
"840",7,7,7,6,7,3,5,5,5,9,6,9,1,9,4,9,9,9,9,9,9,9,9,9,9
"841",5,4,4,6,6,5,3,3,3,7,7,6,5,5,5,3,4,5,5,5,5,3,8,4,5
"842",5,5,3,5,7,5,3,3,4,6,8,8,4,3,3,1,3,5,8,1,8,3,4,4,9
"843",7,7,7,7,7,7,5,5,5,9,9,9,9,9,9,7,7,9,8,9,9,7,8,9,9
"844",6,6,6,5,6,4,4,4,4,8,5,4,6,8,4,6,6,8,3,9,8,6,7,8,7
"845",5,6,4,4,5,5,1,3,4,2,5,2,3,2,6,3,6,2,9,1,5,1,9,5,3
"846",7,7,7,7,7,7,3,3,3,5,5,5,5,5,5,5,5,5,5,5,5,5,5,5,5
"847",7,6,7,7,7,2,3,4,4,9,4,3,7,9,5,5,5,9,5,9,9,8,5,5,9
"848",6,6,5,6,6,6,3,3,3,4,7,5,7,3,5,3,5,4,8,7,5,3,4,4,6
"850",6,6,6,7,6,1,3,5,5,5,3,5,5,2,3,7,9,1,1,5,9,5,6,5,8
"851",7,7,7,7,7,5,5,5,5,8,9,5,9,9,6,2,5,5,5,2,5,7,8,7,7
"852",7,6,3,5,6,5,4,5,5,8,6,3,1,2,4,1,1,9,7,8,9,6,7,6,9
"853",6,7,7,6,6,3,4,4,5,4,9,2,8,8,9,3,2,2,1,8,7,3,1,8,8
"854",7,6,6,6,7,6,4,4,5,8,8,8,8,9,8,7,5,5,7,7,9,8,8,9,8
"855",6,6,6,6,6,2,4,4,4,7,8,8,7,7,8,8,8,5,7,7,7,7,6,7,6
"856",7,7,7,6,6,7,5,5,5,7,9,9,9,9,9,4,5,5,7,6,7,7,8,6,6
"857",7,6,7,7,6,2,4,4,4,8,7,9,4,8,3,3,1,5,5,6,9,9,6,5,6
"858",6,6,6,6,6,2,3,5,5,7,7,9,5,9,5,5,5,7,5,9,7,7,7,7,9
"859",6,6,7,7,7,5,5,5,5,7,4,1,5,9,1,6,7,9,9,9,9,9,8,7,8
"860",7,7,7,6,7,7,5,5,4,7,9,9,7,9,9,3,3,7,9,7,9,9,7,9,9
"861",6,6,4,6,6,2,1,3,3,7,9,9,7,7,7,1,1,3,4,7,7,7,7,7,7
"862",5,5,6,5,5,6,2,3,4,7,8,4,5,7,7,5,6,5,5,6,5,7,6,7,6
"863",6,6,4,4,4,4,3,4,3,7,5,7,7,7,5,5,1,1,5,5,5,5,6,5,5
"864",7,7,7,4,7,4,5,5,4,9,5,9,9,9,5,7,9,1,1,5,9,3,8,9,5
"865",7,7,7,6,7,5,5,5,5,9,9,8,9,9,7,5,9,9,9,7,8,9,8,7,9
"866",6,5,6,4,7,5,5,4,3,7,7,7,5,5,6,8,7,7,5,7,9,5,6,9,7
"867",6,6,7,6,3,6,5,3,5,9,8,9,9,9,9,6,7,5,7,7,9,5,7,4,8
"868",5,5,6,5,5,6,5,4,5,7,5,5,1,7,4,5,5,8,3,8,9,9,6,5,8
"869",7,7,6,6,7,6,4,4,4,5,5,6,6,6,5,5,9,5,8,7,9,9,5,7,5
"870",5,5,4,2,2,4,4,4,5,5,8,9,7,9,9,1,1,1,3,5,3,7,5,5,6
"871",5,4,3,3,5,5,5,5,4,4,5,2,5,4,5,2,2,5,4,7,7,6,3,6,8
"872",4,4,4,4,5,3,4,4,4,7,4,5,5,4,3,7,5,5,1,5,8,8,6,6,6
"873",5,3,2,2,3,4,3,1,2,3,3,4,1,1,3,2,2,2,2,5,3,6,5,2,2
"874",6,5,6,5,6,4,5,5,2,5,6,6,5,1,2,5,7,2,5,9,9,6,6,6,9
"875",6,6,6,5,6,5,4,4,4,7,7,7,7,4,6,9,8,9,8,8,8,7,7,7,6
"876",6,7,7,6,7,6,3,3,3,8,8,6,9,9,8,7,6,8,7,7,7,8,8,7,7
"877",6,6,6,6,6,4,4,3,3,9,8,8,9,9,6,3,1,1,4,9,9,9,5,5,9
"878",6,6,4,6,6,4,3,4,4,7,4,5,5,5,5,9,6,7,6,7,9,8,8,7,7
"879",5,4,5,5,5,5,3,3,4,5,7,7,4,5,4,3,7,7,3,8,9,8,6,8,7
"880",4,3,3,5,6,5,4,3,4,3,8,3,3,5,3,5,5,7,5,7,7,3,7,7,5
"881",7,7,7,7,6,6,1,5,5,8,9,7,9,9,9,6,7,7,7,7,9,9,9,9,9
"882",6,5,6,6,6,3,3,3,4,6,5,2,5,7,3,5,6,7,7,8,9,9,8,7,9
"883",4,3,4,4,6,3,3,2,3,6,7,8,5,6,6,5,7,9,4,9,5,8,7,5,7
"884",4,4,5,4,5,6,3,3,5,7,5,6,7,9,5,3,3,8,5,7,3,5,7,8,7
"887",7,7,3,7,7,1,5,5,5,9,9,5,5,9,5,5,5,5,9,9,9,1,9,5,9
"888",6,6,3,6,5,3,2,3,3,5,5,5,3,4,5,8,7,7,1,7,5,8,9,7,9
"889",7,7,5,6,7,6,3,5,5,7,6,8,8,5,6,7,8,9,9,9,6,3,6,6,7
"890",7,7,7,7,7,7,5,5,5,8,8,9,9,9,4,9,9,9,9,9,9,7,8,8,9
"891",7,7,7,7,7,7,5,5,5,9,9,9,9,7,7,5,1,1,7,9,9,7,7,7,9
"892",6,5,6,2,7,1,2,2,2,7,9,9,9,9,9,6,3,8,8,9,6,9,9,5,5
"893",7,6,7,7,6,4,4,4,4,9,5,7,9,9,6,3,1,5,3,5,4,9,7,8,9
"894",6,5,6,5,6,3,3,4,4,9,7,7,5,7,6,7,7,8,3,8,5,9,8,8,7
"895",7,6,7,4,7,5,5,5,5,8,7,9,9,9,7,3,1,7,7,7,7,7,6,8,7
"896",5,4,5,4,3,4,3,3,3,7,6,7,6,9,5,6,5,5,2,6,5,5,5,5,5
"897",1,3,6,3,4,3,2,2,4,1,8,7,1,4,9,4,1,8,4,3,6,3,2,4,2
"898",7,7,7,3,6,4,5,5,5,9,8,8,9,9,7,6,5,6,9,9,9,6,4,5,6
"899",7,7,7,4,6,5,5,5,5,9,9,9,9,9,6,5,8,6,6,7,9,9,7,4,8
"900",7,6,7,5,4,4,4,5,5,8,5,7,7,6,6,5,3,5,8,6,9,6,5,6,5
"901",7,7,7,7,7,6,5,5,5,8,7,9,9,5,8,6,5,5,6,9,9,9,6,9,8
"902",7,7,6,6,6,5,5,5,4,9,7,7,6,7,7,7,5,7,7,7,9,9,9,7,7
"903",6,6,4,3,2,6,5,5,4,5,7,5,6,8,4,8,4,3,9,6,9,7,6,5,5
"904",5,5,3,5,5,4,3,3,3,6,4,5,3,8,2,2,7,2,5,6,9,7,8,6,6
"905",7,7,7,7,7,4,5,5,5,9,8,8,5,9,8,7,5,5,5,9,9,5,9,9,9
"906",3,3,7,3,5,5,3,3,3,7,6,6,5,8,6,3,5,3,5,5,5,6,7,3,6
"907",7,7,6,7,7,6,5,5,5,9,9,9,8,9,8,5,6,6,7,8,9,7,7,9,9
"910",7,7,7,4,7,3,4,5,4,9,7,5,5,7,5,8,9,9,8,8,9,9,8,5,5
"911",6,4,4,4,4,4,3,3,3,7,3,4,5,3,5,1,5,1,5,9,7,7,9,9,8
"912",6,5,6,6,6,4,5,5,5,7,5,4,7,5,3,5,2,5,5,5,8,6,5,5,5
"913",6,4,5,4,3,4,2,3,3,5,6,5,3,4,4,2,5,3,5,6,7,7,3,3,5
"914",6,6,5,6,6,3,4,4,5,8,4,6,3,5,1,8,5,8,5,9,9,7,6,7,9
"915",5,5,4,5,5,5,3,3,3,6,7,5,8,8,6,3,4,6,2,6,6,6,7,5,7
"916",7,6,6,6,7,5,5,5,5,6,6,5,8,6,7,3,6,3,2,9,9,5,8,8,9
"917",6,5,6,5,6,3,3,3,3,7,7,5,5,6,6,2,2,2,3,6,6,8,5,5,6
"918",6,5,6,4,4,5,3,3,3,7,7,7,8,7,7,2,4,5,5,7,9,5,3,5,7
"919",7,7,7,7,6,6,3,3,5,9,8,7,9,9,9,5,5,5,1,6,9,8,5,4,7
"920",5,4,5,4,4,6,3,2,3,5,6,6,4,5,5,6,6,3,5,4,6,5,6,4,3
"921",3,4,7,2,5,1,1,3,2,5,8,3,3,2,5,3,1,1,3,5,6,3,5,3,2
"923",6,6,3,3,7,3,5,4,5,8,8,8,5,8,8,5,6,8,7,7,8,5,8,3,7
"924",7,7,7,6,7,5,5,5,5,9,8,8,8,9,4,7,5,7,8,9,9,5,7,7,9
"926",4,3,6,1,4,6,2,3,2,7,8,8,8,5,6,3,1,4,2,3,5,7,3,2,2
"927",6,4,3,5,4,2,1,1,1,3,6,5,2,4,5,5,6,9,6,8,4,6,3,5,6
"928",7,7,6,7,7,1,5,5,5,5,7,8,9,9,7,2,6,7,6,9,9,2,9,8,9
"929",6,6,6,7,7,2,5,5,4,8,5,9,7,8,7,5,5,7,5,9,9,9,8,9,9
"930",6,6,6,7,5,4,4,4,4,3,4,3,7,9,5,1,2,4,5,8,5,9,8,5,7
"931",7,6,7,6,7,4,2,2,3,7,5,7,8,8,5,4,1,5,5,5,7,8,7,5,9
"932",5,4,6,4,7,7,4,3,4,8,9,6,9,9,8,1,5,5,4,7,9,9,6,7,7
"933",7,6,7,7,7,1,5,5,5,6,5,5,7,9,8,4,4,7,6,6,9,5,7,5,9
"934",7,7,6,7,4,7,4,4,4,9,8,9,9,9,9,3,7,7,7,6,9,9,9,8,9
"935",6,5,6,4,6,3,2,2,2,8,5,4,7,8,6,6,6,7,5,6,5,7,5,7,7
"936",7,6,6,4,5,3,4,3,2,7,8,6,1,1,1,2,9,9,9,9,9,7,9,9,9
"937",6,5,6,5,6,4,2,3,2,5,1,1,3,4,2,5,6,7,7,6,7,6,9,3,5
"938",6,5,5,6,5,2,3,3,3,5,9,8,9,9,7,3,2,5,5,5,5,8,5,5,5
"939",7,6,6,5,5,6,4,4,4,7,7,5,8,8,6,5,5,8,7,7,9,7,7,6,5
"940",5,4,6,2,6,6,3,3,3,7,9,7,8,9,8,6,6,9,8,8,9,3,6,5,7
"941",6,6,7,5,7,3,2,4,2,9,8,7,9,9,8,5,8,8,7,8,8,8,7,9,8
"942",7,6,6,6,7,4,3,3,3,4,9,9,9,9,6,1,1,9,6,8,9,9,7,5,7
"943",7,7,5,6,6,3,4,5,5,8,4,5,3,8,7,8,9,8,7,9,9,7,9,8,8
"944",4,4,4,4,4,4,3,3,3,5,5,5,5,5,5,5,5,5,5,5,5,5,5,5,5
"945",4,4,4,4,4,4,2,3,4,6,5,5,5,5,5,5,5,5,5,5,5,5,5,5,5
"947",5,4,5,4,4,4,4,2,1,5,5,4,5,5,7,2,6,7,5,7,7,3,5,5,9
"948",7,7,7,4,6,3,5,5,5,8,3,3,3,2,3,2,4,8,5,7,9,9,9,9,8
"949",6,6,6,5,5,6,3,4,3,5,7,7,7,7,7,1,3,3,6,6,7,7,7,4,6
"950",4,4,4,5,6,2,1,2,2,2,5,3,2,5,2,5,5,8,3,9,7,2,3,6,9
"951",7,7,7,6,7,1,5,5,5,8,9,7,9,9,7,7,5,8,7,9,9,8,9,6,9
"952",3,4,4,5,5,4,3,4,3,7,5,5,6,7,4,5,3,6,4,5,8,3,5,5,6
"953",6,4,6,4,5,2,3,3,2,5,7,3,3,5,5,1,5,7,9,9,9,5,6,7,8
"954",5,6,6,5,6,4,5,4,5,8,9,9,9,8,8,6,4,4,5,6,7,8,7,8,5
"955",7,7,7,6,6,3,3,3,3,9,8,8,8,8,8,2,1,2,9,9,9,9,9,8,9
"956",6,6,4,4,5,5,3,3,3,7,7,9,8,9,7,2,1,1,5,6,9,7,5,8,7
"957",6,5,3,4,7,4,4,3,4,7,6,4,7,5,4,4,5,4,3,5,8,5,3,6,6
"958",6,6,6,7,7,6,5,5,5,5,6,3,4,2,4,8,8,7,6,9,9,9,8,7,9
"959",7,7,6,6,7,4,4,5,4,5,4,3,4,2,5,3,2,9,5,5,9,9,9,6,7
"960",7,7,7,6,7,3,5,5,4,9,7,8,8,9,7,7,2,9,6,7,9,7,9,7,9
"961",6,6,6,6,6,4,3,3,3,8,8,6,9,8,5,6,5,7,3,7,8,7,7,6,6
"962",7,7,7,7,7,1,5,3,4,7,8,6,4,7,7,8,9,6,7,9,9,5,8,7,9
"963",6,6,3,6,6,2,2,4,4,7,7,6,9,9,9,6,1,1,1,2,1,6,5,5,5
"964",5,5,5,3,5,3,1,3,3,7,5,5,7,5,5,8,6,6,5,6,8,7,6,5,6
"965",5,5,7,5,6,7,3,3,3,7,5,5,2,9,5,2,5,5,9,7,8,3,5,5,7
"966",5,2,4,2,3,6,2,3,2,8,9,7,9,9,8,3,5,3,5,6,7,3,3,5,6
"967",6,2,6,4,3,6,5,5,5,8,5,4,3,4,4,6,5,8,6,7,8,9,5,6,7
"968",7,7,6,7,6,5,3,4,4,8,8,8,8,9,7,5,4,6,8,7,7,9,7,7,8
"969",7,7,7,6,6,6,4,5,5,8,8,9,9,9,8,9,8,9,7,9,8,9,9,8,8
"970",7,6,6,2,7,3,4,5,5,9,4,7,7,3,5,7,6,5,5,7,9,9,6,6,9
"971",7,6,5,6,5,4,5,5,5,9,7,5,5,9,5,9,9,8,6,7,9,7,7,7,7
"972",7,7,7,7,7,3,5,5,4,9,7,9,9,9,7,5,3,9,9,6,9,9,9,9,9
"974",2,2,2,2,4,4,1,2,3,3,3,8,5,9,5,3,3,1,1,9,2,5,5,2,4
"975",7,6,6,5,4,4,5,5,5,7,8,7,7,8,8,6,6,8,6,9,9,3,8,2,9
"976",6,4,6,5,6,4,4,4,4,5,7,5,7,7,5,5,5,5,5,7,7,7,5,7,7
"977",7,7,1,7,7,1,3,3,4,9,7,5,9,7,9,7,7,3,5,7,3,1,5,9,9
"978",7,7,7,4,5,3,3,2,2,9,8,9,8,8,8,9,8,9,6,9,7,5,6,6,6
"979",6,6,7,6,6,6,2,2,3,8,8,8,8,8,8,5,2,8,8,8,8,7,8,8,7
"980",4,3,5,4,5,4,3,2,2,7,5,7,5,5,5,6,3,8,5,7,8,7,5,7,5
"981",6,6,6,7,6,3,4,4,4,7,5,6,7,7,5,6,5,6,6,8,9,5,6,7,9
"982",7,5,6,6,7,2,4,5,4,8,8,4,5,8,6,5,6,8,8,9,9,9,9,8,9
"983",6,5,6,7,6,4,1,1,2,7,8,5,6,5,7,4,1,5,3,9,9,9,6,7,9
"985",6,5,3,6,7,2,3,3,5,7,5,5,5,4,3,3,7,7,7,9,9,5,8,5,8
"986",5,7,6,5,5,6,3,4,3,7,7,1,7,7,4,5,6,5,5,5,7,8,6,8,8
"987",4,4,6,4,4,3,3,5,2,3,9,5,8,7,3,4,1,1,4,1,9,7,6,8,6
"988",6,6,6,5,6,6,4,4,3,9,8,7,5,9,8,6,5,8,6,8,4,8,8,8,8
"989",6,7,6,5,4,6,4,4,5,3,5,5,7,2,2,2,1,5,5,7,9,1,3,7,6
"990",6,5,6,6,6,3,2,2,2,6,6,5,4,8,5,5,2,5,5,6,9,6,6,6,8
"991",5,5,5,5,6,3,3,3,3,4,7,3,5,6,4,8,6,7,7,7,7,7,7,7,7
"992",7,7,7,6,7,6,3,4,4,8,8,7,9,9,7,2,2,2,7,8,9,9,9,9,9
"993",6,6,7,5,6,2,3,3,4,6,7,3,7,7,3,6,5,1,6,6,8,7,7,6,6
"994",4,4,6,6,5,6,2,2,2,5,4,5,7,8,5,7,2,5,2,7,8,8,8,6,8
"995",6,5,6,3,5,5,2,3,2,8,6,4,8,8,4,3,5,1,7,8,8,6,8,3,7
"996",5,5,4,6,6,3,3,2,2,4,4,3,2,3,2,5,8,6,5,9,6,7,6,6,7
"997",5,5,6,4,6,6,3,3,3,7,6,7,8,7,5,5,6,6,6,7,7,6,7,7,8
"999",6,6,6,6,6,3,3,3,3,7,6,6,6,4,4,2,4,5,6,8,9,6,5,6,7
"1000",5,4,4,6,6,4,2,2,3,7,8,8,9,9,6,8,6,7,3,9,7,4,7,5,7
"1001",7,7,7,7,7,7,5,5,5,9,5,7,4,4,5,5,5,5,5,9,9,9,7,9,9
"1002",7,6,7,6,6,6,4,4,5,9,8,7,8,8,7,4,2,6,6,8,9,8,7,7,8
"1003",6,6,6,6,6,6,4,4,4,7,8,7,8,5,5,1,5,6,6,8,9,4,6,7,8
"1004",6,5,6,5,3,6,3,1,2,7,6,4,6,7,2,2,1,4,3,7,5,7,8,4,4
"1005",6,5,6,4,5,6,3,3,3,7,9,4,7,9,8,4,9,7,6,7,8,6,9,8,8
"1006",4,3,4,4,5,4,3,3,2,4,5,5,5,7,6,3,2,4,3,6,5,5,4,3,4
"1007",7,7,7,7,7,3,5,5,5,7,9,3,1,9,9,9,9,9,9,9,9,9,9,7,9
"1008",7,7,7,5,7,5,4,4,4,8,4,5,9,9,9,5,5,9,9,9,9,7,9,8,9
"1009",7,7,4,5,7,1,5,5,5,7,9,9,1,9,9,4,6,7,9,9,9,9,8,9,9
"1010",6,7,7,6,6,1,4,4,4,9,7,6,9,9,8,9,5,9,8,9,9,8,9,7,8
"1011",7,6,6,5,5,6,4,3,3,9,2,7,5,7,8,5,4,6,6,6,7,7,6,6,7
"1012",6,6,6,6,6,6,2,3,3,9,8,9,9,9,5,5,5,5,5,3,9,6,3,3,7
"1013",6,7,7,6,6,4,5,4,5,9,9,4,9,5,9,5,2,9,8,5,9,4,7,4,9
"1014",6,6,7,5,6,7,4,4,5,9,9,9,5,5,5,5,5,3,5,7,9,7,5,9,7
"1015",7,7,7,6,6,4,5,5,5,9,8,8,8,9,9,5,6,7,5,8,9,2,7,7,9
"1016",6,5,4,5,6,4,5,5,5,7,5,5,4,5,5,1,5,1,5,6,5,9,5,5,8
"1017",4,6,4,6,7,6,2,3,4,5,1,2,1,1,3,2,1,1,9,5,5,7,7,7,8
"1018",7,7,7,6,6,5,4,4,4,7,7,8,5,8,8,5,5,6,6,9,8,9,7,8,9
"1019",7,6,7,6,6,7,3,3,5,9,5,6,8,4,7,2,1,2,4,5,9,6,7,7,7
"1020",7,7,7,7,7,4,5,5,4,7,8,7,1,3,7,9,8,9,9,9,9,6,8,6,9
"1021",7,7,7,7,7,7,5,5,5,8,7,7,8,8,5,5,5,7,9,8,7,3,7,7,9
"1022",6,6,6,6,6,3,3,3,4,7,5,5,6,5,6,3,2,3,9,9,1,8,6,3,9
"1023",6,6,6,6,6,1,4,3,4,8,9,5,6,9,6,7,5,6,5,9,8,9,8,5,7
"1024",7,3,3,4,1,2,3,3,4,9,9,1,9,9,7,3,7,1,1,1,1,7,3,1,3
"1025",4,4,2,3,3,2,1,1,1,8,8,9,7,9,9,2,2,5,1,7,5,5,2,1,2
"1026",7,7,6,7,7,7,4,4,4,8,7,7,8,9,7,5,6,7,8,9,8,9,7,7,9
"1027",6,6,6,5,6,4,3,3,3,7,8,6,8,8,5,2,3,6,4,8,7,3,5,5,5
"1029",6,6,6,6,6,2,3,3,3,8,5,3,7,7,4,2,3,7,9,6,9,9,6,8,5
"1030",6,6,5,5,6,4,5,4,5,6,6,3,5,5,4,5,5,5,5,7,9,7,6,6,8
"1031",6,6,6,6,6,3,4,4,4,8,8,5,7,7,7,7,7,8,8,7,8,5,8,6,8
"1032",6,5,6,7,5,2,3,3,4,8,8,4,5,8,7,5,2,2,5,8,8,7,7,7,7
"1033",7,7,7,6,7,5,4,4,5,7,9,8,4,9,5,9,9,7,9,9,9,2,7,8,9
"1034",6,6,7,5,6,5,4,4,4,5,3,7,7,7,3,9,7,7,7,9,9,3,7,5,5
"1035",7,7,7,7,7,7,5,5,5,4,9,5,3,9,4,9,7,8,9,9,9,9,9,9,9
"1036",6,5,3,5,5,3,3,1,2,7,5,7,5,9,3,8,9,6,5,9,9,8,4,3,6
"1037",6,6,7,6,6,3,4,3,3,8,7,8,9,9,7,7,1,1,1,8,9,9,7,7,8
"1038",6,7,6,6,7,4,4,4,4,6,6,7,5,7,7,7,5,5,7,7,8,9,7,7,7
"1039",7,6,7,6,7,6,4,4,4,7,6,7,6,7,5,5,5,5,8,8,9,9,7,8,9
"1040",6,6,6,6,7,2,3,3,3,7,3,7,7,7,3,5,9,7,7,7,7,5,7,7,7
"1042",6,5,3,4,5,2,2,2,2,4,4,6,1,6,4,5,5,6,6,7,9,7,6,4,3
"1043",7,7,7,6,2,5,5,5,5,8,9,8,8,9,8,5,9,9,9,9,9,9,7,8,9
"1044",7,7,7,7,7,3,4,5,4,9,6,4,6,5,4,6,6,7,9,7,9,5,7,6,8
"1045",7,7,7,6,6,6,5,5,5,8,7,9,9,9,7,3,1,3,8,6,9,9,5,7,9
"1046",4,4,6,4,5,6,4,4,4,4,3,4,3,2,4,8,6,7,6,6,6,5,6,8,9
"1047",4,5,4,3,4,4,4,4,3,7,9,4,3,4,4,6,8,5,7,9,9,6,8,4,7
"1048",7,7,6,5,6,4,2,3,4,7,8,5,9,9,5,5,6,9,9,9,9,5,9,9,8
"1049",7,7,7,6,7,3,5,5,4,9,8,9,9,8,8,2,5,5,7,6,6,7,7,9,7
"1050",4,4,5,5,5,4,4,3,4,6,7,4,3,7,4,1,2,2,2,2,6,7,4,6,5
"1051",5,3,6,5,6,3,5,4,5,6,1,3,5,9,5,1,1,1,9,5,9,7,5,5,7
"1052",6,6,7,4,7,6,4,4,4,5,9,7,7,9,7,3,1,9,9,9,9,3,9,7,9
"1053",6,4,4,4,3,5,3,4,5,7,5,5,5,5,5,5,1,7,5,7,7,5,7,5,6
"1054",7,7,7,7,7,3,3,3,3,9,7,9,9,9,8,1,5,5,3,5,7,6,4,2,5
"1055",6,5,5,6,7,4,3,3,3,7,7,6,6,7,5,5,5,5,5,7,9,1,6,7,8
"1056",7,7,7,7,7,7,3,3,3,9,9,8,9,9,9,7,5,6,6,6,9,6,9,7,7
"1057",6,6,6,4,4,4,3,3,1,6,4,8,4,8,5,1,1,5,8,7,9,7,5,7,9
"1058",4,4,4,4,4,4,3,3,3,3,9,5,5,5,5,5,5,5,5,5,5,3,5,5,5
"1059",3,3,3,4,1,7,1,1,1,4,4,4,4,4,4,8,7,7,3,7,3,4,6,1,3
"1060",7,6,7,6,6,4,4,4,4,8,8,8,5,9,9,7,6,9,7,7,8,7,7,6,6
"1061",4,3,4,4,4,3,4,4,4,3,5,3,3,3,4,6,6,7,7,7,7,5,7,6,7
"1062",6,7,6,6,7,3,4,4,4,8,8,9,9,9,8,7,9,6,6,7,6,8,7,8,7
"1063",7,7,7,7,6,5,5,5,5,7,8,4,7,7,8,5,5,7,7,8,9,8,9,8,8
"1064",6,5,6,5,5,5,4,3,3,6,7,7,6,7,7,6,5,5,5,6,7,7,7,6,7
"1065",6,6,6,6,6,4,4,3,4,7,7,7,5,9,5,1,1,7,7,7,7,3,5,3,5
"1066",7,6,6,6,6,6,4,4,4,7,7,5,3,7,5,9,7,9,9,7,9,7,7,7,9
"1067",6,5,6,4,6,6,4,4,4,3,4,7,9,8,3,9,8,9,7,9,9,7,7,6,6
"1068",7,7,7,7,6,4,4,4,5,9,8,5,9,7,8,8,6,9,8,9,8,9,7,7,9
"1069",4,6,4,3,5,3,4,3,2,8,5,7,5,9,6,6,9,4,3,4,9,5,5,5,5
"1070",6,5,6,5,7,4,5,5,5,7,5,5,3,5,4,6,6,8,9,9,9,9,9,9,9
"1071",6,1,2,1,4,4,2,2,2,5,9,9,9,9,9,5,2,2,1,1,8,3,2,2,7
"1072",4,4,4,4,5,5,3,2,3,7,5,4,5,6,3,4,5,2,3,7,6,6,8,7,8
"1073",7,6,6,6,6,4,4,3,3,8,8,8,8,8,7,7,5,6,8,5,9,9,4,4,6
"1074",7,7,7,6,6,6,4,3,4,9,8,8,9,4,9,5,6,3,5,8,8,9,6,6,9
"1075",6,6,6,4,5,5,4,3,3,9,8,8,8,9,8,1,1,8,8,6,9,8,6,8,8
"1076",7,7,6,6,6,3,3,3,3,4,4,5,3,1,2,2,5,3,2,5,8,7,3,1,6
"1077",6,6,4,6,6,5,2,3,4,8,6,3,1,7,2,6,6,6,6,7,9,8,7,7,8
"1078",5,4,4,5,6,3,2,2,3,6,5,5,6,5,5,3,5,5,3,5,4,6,6,5,4
"1079",6,6,6,4,5,4,3,4,4,6,3,6,6,6,3,4,6,7,7,6,7,7,7,5,6
"1080",7,7,4,4,7,2,4,3,2,9,9,5,5,7,8,7,3,6,9,8,9,5,7,8,7
"1082",7,7,7,5,7,2,4,4,3,8,9,9,9,9,9,2,2,5,5,6,6,7,7,6,7
"1083",6,6,6,5,7,6,4,5,5,6,5,4,1,7,5,5,6,7,6,7,8,8,7,6,8
"1084",6,6,6,6,5,6,4,3,4,8,9,8,2,6,9,5,2,5,5,7,9,7,8,8,7
"1085",1,7,7,7,5,2,5,5,4,7,7,8,8,8,9,2,2,2,8,6,9,6,2,2,9
"1086",6,6,6,6,6,2,3,3,3,7,3,2,3,3,3,7,7,7,7,7,7,7,7,7,7
"1087",7,7,7,6,7,3,4,5,5,9,8,8,9,9,8,5,4,5,6,5,9,8,8,8,8
"1089",7,7,7,7,7,6,5,5,5,9,8,9,9,9,9,8,5,7,7,9,9,9,9,7,9
"1091",7,7,7,7,7,2,5,4,4,9,9,9,9,9,9,2,9,9,8,9,9,9,9,9,9
"1092",6,6,6,3,4,3,3,3,2,7,7,7,7,6,6,7,6,5,5,7,5,3,6,5,6
"1093",7,6,6,6,7,4,5,5,5,9,6,7,4,5,7,7,6,7,8,7,7,8,8,9,9
"1094",7,7,7,7,7,6,4,5,5,9,7,7,7,5,8,1,9,9,5,8,9,7,8,7,8
"1095",6,6,2,6,6,3,3,3,4,6,5,3,7,6,4,7,4,6,6,7,8,7,7,6,7
"1096",7,7,7,7,7,2,5,5,5,8,5,5,5,7,5,4,5,7,7,8,9,8,7,8,8
"1097",5,5,3,5,7,3,2,2,2,5,3,6,5,5,3,1,3,5,5,5,8,5,2,5,5
"1098",7,7,5,6,6,6,5,5,5,9,2,8,8,9,7,9,6,2,9,6,9,9,8,9,9
"1099",6,6,6,6,7,6,4,4,3,7,5,8,5,7,3,5,5,5,5,7,9,8,7,9,8
"1100",1,2,5,4,5,2,3,5,4,2,7,4,9,8,4,4,7,9,3,4,7,1,5,8,5
"1101",6,6,7,3,4,2,3,2,3,7,7,6,9,8,8,7,3,1,9,8,1,7,6,2,3
"1103",6,6,6,3,5,4,4,4,4,7,7,8,7,7,8,5,1,5,1,7,6,3,5,6,6
"1104",6,3,3,3,4,5,3,5,3,5,4,3,1,3,3,2,2,1,6,8,9,5,5,5,9
"1106",6,5,6,5,6,4,3,3,3,7,5,6,8,5,5,2,3,3,6,7,9,7,5,7,7
"1107",7,6,7,5,7,7,4,4,5,8,7,3,8,8,8,3,8,9,7,9,9,7,7,7,7
"1108",7,4,2,2,5,5,3,4,5,7,7,9,8,9,3,6,2,1,1,6,9,9,9,8,9
"1109",6,4,6,4,5,4,3,3,3,7,7,8,5,8,5,5,8,6,6,7,6,5,6,5,5
"1110",7,7,7,7,7,2,4,4,4,8,4,1,4,6,5,8,7,8,8,8,9,8,8,8,8
"1111",7,7,7,7,7,3,3,3,3,7,8,6,8,9,7,5,8,8,8,8,8,8,6,8,6
"1112",7,6,6,7,5,4,4,4,3,6,5,6,5,8,4,5,3,5,6,8,6,7,7,7,7
"1113",7,6,6,7,7,6,4,4,4,7,6,5,5,5,6,7,7,6,9,8,9,7,7,7,7
"1114",5,4,5,6,7,2,3,3,3,4,4,5,4,4,4,2,8,5,6,9,9,7,7,6,9
"1115",7,7,6,5,6,6,3,3,3,8,5,4,6,5,4,8,9,6,8,6,9,6,7,7,7
"1117",7,6,7,7,7,2,5,5,5,7,9,9,6,1,9,5,5,1,1,9,9,7,7,6,9
"1119",7,7,7,7,7,7,4,5,4,9,8,9,8,9,8,9,8,7,9,9,9,9,9,8,9
"1120",7,7,7,7,7,7,5,5,3,9,9,5,9,9,9,1,2,7,6,7,9,9,9,9,9
"1121",4,4,5,5,6,5,3,3,4,3,5,6,4,5,6,6,8,6,5,5,6,7,7,7,6
"1122",6,5,5,6,5,4,4,4,3,8,5,5,7,9,4,5,2,1,5,7,8,9,6,6,6
"1123",6,5,6,4,6,6,3,4,4,7,7,5,6,9,6,3,1,3,1,5,5,7,6,3,6
"1124",6,6,6,6,6,3,4,3,3,7,9,9,2,4,9,4,8,7,5,6,9,6,6,7,7
"1125",5,4,4,4,4,6,5,5,4,7,8,4,7,4,3,5,5,5,5,9,9,7,6,6,8
"1126",7,7,7,7,7,7,5,5,5,9,5,9,7,9,9,9,9,9,9,9,9,9,9,9,9
"1127",6,6,7,5,4,3,3,4,4,8,7,2,5,8,8,8,7,9,5,7,9,7,7,5,6
"1128",6,6,7,6,7,7,4,5,5,5,5,3,5,4,6,1,5,8,4,6,9,7,6,6,7
"1129",5,4,5,5,3,3,4,4,4,9,1,1,9,9,9,9,5,3,9,9,9,9,9,9,9
"1130",4,4,4,4,4,4,2,3,5,6,9,2,1,4,2,4,3,5,8,9,9,7,9,4,8
"1131",4,4,3,5,6,1,4,4,4,6,8,4,3,5,4,4,5,8,5,7,7,6,5,7,6
"1132",5,4,4,4,4,3,3,2,2,6,5,6,7,5,4,5,3,5,5,6,6,4,7,7,5
"1133",6,6,7,1,6,3,3,3,3,9,9,5,9,9,8,6,7,7,4,6,6,6,7,4,6
"1134",6,6,6,4,6,3,5,4,4,6,5,2,3,6,2,4,5,7,7,8,9,7,8,7,8
"1135",6,6,5,5,4,3,4,4,4,7,8,5,5,6,5,8,6,7,5,7,6,7,7,8,5
"1136",7,7,7,7,7,7,5,5,5,8,9,8,8,9,9,3,9,7,9,6,9,9,9,9,9
"1137",7,7,7,7,6,7,3,4,4,8,8,8,7,7,7,3,7,7,6,7,9,8,7,7,8
"1138",7,7,7,6,7,7,2,2,2,9,9,9,9,9,8,5,5,8,6,8,9,8,7,7,7
"1139",7,7,7,2,7,6,3,3,4,9,9,9,8,9,9,9,9,9,8,9,7,9,8,8,8
"1140",3,3,3,2,5,5,2,2,2,3,5,5,5,6,5,5,4,4,4,3,4,3,3,3,3
"1141",7,7,7,7,6,7,4,4,4,9,7,7,8,9,7,7,6,8,7,7,9,9,8,8,8
"1142",6,4,6,4,1,6,4,4,4,7,9,9,7,5,5,5,7,5,5,7,9,3,7,3,3
"1143",6,6,7,7,6,4,4,4,4,7,8,8,8,8,8,7,7,8,5,7,9,8,8,8,8
"1144",7,7,7,6,6,4,4,4,4,8,7,8,7,9,8,6,7,8,7,9,7,7,7,6,7
"1145",7,7,7,7,7,7,4,4,4,9,9,9,9,9,9,9,9,6,9,6,9,8,9,7,8
"1146",7,7,7,7,7,6,5,5,5,9,7,7,9,9,8,3,3,6,9,8,9,9,7,9,9
"1147",7,7,7,7,7,6,2,2,4,8,9,9,9,9,9,3,4,4,5,8,9,7,9,2,5
"1148",1,1,1,1,1,2,4,1,2,7,9,9,9,9,9,1,1,1,1,8,5,7,7,7,7
"1149",6,5,5,2,1,7,5,5,5,8,8,7,6,8,8,7,6,5,7,8,7,6,7,3,6
"1150",7,7,6,7,7,4,3,3,3,7,8,7,7,6,7,7,5,7,7,7,9,9,7,7,7
"1151",5,5,5,5,6,2,3,3,3,8,9,8,7,7,7,6,2,6,2,4,4,7,9,8,6
"1152",7,6,7,5,6,4,3,2,3,8,9,8,9,9,9,5,5,6,6,7,6,9,7,6,7
"1153",7,7,7,7,7,7,5,5,5,9,7,5,8,9,5,5,1,5,9,5,9,9,9,9,9
"1154",7,6,7,7,6,6,3,4,3,8,4,7,5,8,2,8,5,8,2,1,5,8,7,6,3
"1155",6,6,7,6,6,6,2,3,3,7,7,3,3,4,4,5,3,3,5,4,9,7,9,7,8
"1156",7,7,7,7,6,5,4,3,4,8,8,6,8,8,7,4,7,5,7,7,5,6,6,4,6
"1157",7,7,7,7,7,7,5,5,5,9,9,9,9,9,9,9,9,9,9,9,9,1,9,9,9
"1158",7,7,6,7,7,6,5,4,5,9,4,7,7,8,6,7,7,8,7,9,9,8,8,8,9
"1159",6,6,7,6,6,7,5,5,5,9,7,4,7,9,7,1,1,9,9,9,9,7,8,7,9
"1160",7,7,7,6,7,3,3,5,5,8,5,6,8,9,6,9,9,4,8,7,9,8,9,7,9
"1161",3,3,3,3,2,2,1,1,1,4,5,3,1,2,3,5,2,5,5,6,6,6,5,3,5
"1162",6,6,7,5,6,6,4,4,4,6,4,4,5,5,5,2,2,7,5,6,7,7,2,4,5
"1163",6,6,6,6,7,6,4,4,5,9,5,4,9,9,3,4,1,5,1,8,9,9,9,8,9
"1164",6,6,6,6,6,3,4,5,4,7,5,4,6,6,6,5,3,5,5,5,6,7,6,6,6
"1165",4,4,3,5,7,5,3,2,3,5,5,1,5,5,4,4,5,5,5,7,5,5,5,5,5
"1166",7,7,7,7,7,4,5,5,5,9,9,8,9,7,9,9,9,9,9,9,9,9,9,9,9
"1167",7,7,7,7,7,6,4,4,4,9,7,7,9,9,7,3,3,7,9,9,9,9,9,9,9
"1168",7,7,2,5,7,3,5,5,4,7,7,5,5,8,2,6,5,3,8,6,9,7,8,5,8
"1169",6,6,6,6,6,6,3,4,4,6,7,7,6,5,5,7,6,6,6,7,7,8,7,6,8
"1170",7,6,7,7,7,6,3,3,3,8,9,9,9,9,9,8,1,9,8,9,9,7,7,1,7
"1171",4,4,4,5,5,3,5,5,5,6,4,3,4,5,4,7,6,5,6,9,5,7,9,6,8
"1172",7,7,7,7,6,4,5,5,5,9,7,3,9,7,6,9,9,5,5,7,9,7,9,9,9
"1173",6,7,7,7,7,7,3,5,5,8,8,9,9,9,9,6,7,9,5,9,9,7,9,7,9
"1174",7,4,7,5,6,7,2,2,4,9,9,9,9,9,9,5,5,7,2,8,5,5,7,5,7
"1175",6,7,6,6,6,3,4,3,4,7,5,3,6,5,5,5,6,6,6,7,9,6,6,6,6
"1176",7,7,7,6,7,2,1,3,3,9,9,9,9,9,9,5,7,9,9,9,9,9,9,9,8
"1177",6,5,6,6,7,7,5,5,5,7,8,5,8,8,6,7,2,7,4,8,6,8,8,8,7
"1178",7,7,7,4,5,3,4,3,3,5,9,6,3,7,5,6,3,5,5,7,9,9,6,9,9
"1179",6,7,5,5,7,2,5,4,5,7,4,1,8,5,2,8,3,4,7,9,9,6,7,9,7
"1180",6,2,6,4,6,5,2,4,4,7,5,5,8,9,8,5,4,7,5,8,5,9,8,5,7
"1181",7,7,7,3,1,7,5,5,5,5,5,5,5,5,1,5,5,5,5,5,9,5,5,5,9
"1182",4,4,6,3,4,4,4,3,2,3,7,7,7,7,7,1,1,1,3,5,9,5,3,5,5
"1183",7,7,7,7,7,7,5,5,5,9,9,9,9,9,9,7,7,7,7,9,9,7,7,9,9
"1185",5,6,5,4,5,4,3,3,3,7,5,3,5,5,5,3,5,1,5,6,9,5,8,6,7
"1186",7,7,6,6,6,6,5,4,4,9,8,9,5,7,8,2,4,7,6,8,9,7,5,5,8
"1187",7,6,7,5,6,4,3,4,5,8,8,5,8,8,7,6,8,5,4,9,9,9,9,7,9
"1188",6,7,3,5,5,2,4,4,3,8,6,2,9,3,8,5,4,2,8,5,6,7,6,3,3
"1189",6,6,4,5,4,4,5,5,5,8,7,7,9,3,5,6,7,6,5,6,7,7,6,6,7
"1190",6,6,7,4,6,6,5,5,5,8,9,9,9,9,9,6,5,9,8,9,9,5,3,7,8
"1191",7,7,7,7,7,4,5,5,5,7,7,7,7,8,7,7,6,9,8,9,9,9,9,5,8
"1192",5,5,6,4,6,6,1,3,2,5,5,3,1,4,6,4,5,9,5,7,5,8,3,4,6
"1193",4,5,3,5,4,5,3,3,4,7,5,5,7,5,4,6,6,2,4,2,9,1,2,1,4
"1194",3,4,5,4,4,3,3,3,3,4,3,3,5,5,5,2,5,2,5,5,8,5,5,5,6
"1195",6,6,4,6,6,2,4,4,4,7,8,5,7,5,8,6,6,5,6,6,9,4,8,5,7
"1196",6,7,3,6,7,1,5,3,5,6,7,8,7,9,6,1,1,5,6,7,9,3,9,8,7
"1197",6,5,7,5,5,4,3,2,2,3,9,7,8,8,7,5,9,5,9,9,9,1,9,9,8
"1198",5,5,5,6,5,4,4,3,5,7,3,7,6,8,3,4,4,4,6,6,7,4,8,5,6
"1199",6,6,6,4,6,3,3,3,3,7,3,4,7,7,5,3,6,8,5,4,7,5,6,8,4
"1201",7,6,7,5,6,6,5,5,5,8,5,4,8,7,7,6,7,7,6,7,8,8,7,7,7
"1202",5,5,6,5,5,5,4,3,3,6,7,7,7,9,7,8,9,7,5,9,7,6,6,3,6
"1203",7,7,7,6,2,6,5,5,5,9,9,9,8,9,6,8,7,5,8,9,8,8,6,5,6
"1204",5,4,4,4,5,3,3,3,4,7,4,5,4,3,4,5,5,3,4,8,8,5,7,5,5
"1205",7,7,6,7,7,4,5,4,4,7,7,5,9,9,5,5,5,5,9,9,9,9,6,9,9
"1206",5,4,6,6,5,4,3,3,4,8,7,2,7,8,7,4,9,7,2,9,8,6,7,5,7
"1208",6,6,4,5,6,6,3,4,5,5,9,9,9,9,9,1,6,6,5,8,8,3,6,6,5
"1209",5,2,4,7,7,4,2,5,5,2,5,5,1,9,5,6,7,8,6,8,5,9,5,7,9
"1210",2,3,2,3,6,3,4,4,3,7,7,2,3,6,5,3,1,3,3,7,9,9,4,5,7
"1211",7,7,7,7,7,4,5,5,5,9,9,9,9,5,5,5,5,5,9,9,9,9,9,9,9
"1212",7,6,7,6,7,5,4,3,3,7,9,9,9,9,5,5,2,5,9,7,7,7,8,6,8
"1213",7,7,7,7,7,1,5,5,5,9,2,9,9,9,7,8,9,9,9,9,9,8,9,9,9
"1214",6,6,2,5,5,3,2,4,2,7,2,7,1,2,3,1,4,4,7,7,8,7,5,3,6
"1215",6,6,7,7,6,6,4,3,3,9,9,8,9,8,8,5,2,6,6,7,9,9,7,7,8
"1216",7,6,6,4,6,5,4,4,5,7,8,3,7,8,8,4,3,5,2,5,4,4,9,6,9
"1217",4,6,5,3,4,5,3,4,5,2,3,3,1,1,2,4,3,2,8,5,5,3,6,3,4
"1218",7,2,7,5,5,4,5,5,5,8,8,7,7,9,4,9,9,9,5,9,9,4,5,2,8
"1219",7,7,7,4,6,7,3,3,3,8,5,5,5,9,9,7,2,4,6,7,7,1,7,7,7
"1220",7,7,7,4,7,4,5,5,5,5,8,3,9,9,1,9,9,5,7,9,7,1,8,8,9
"1221",6,5,6,5,6,2,5,4,4,8,8,4,7,8,8,2,2,6,5,7,9,7,5,4,5
"1222",6,4,6,3,6,5,3,3,3,7,6,7,4,5,7,7,6,9,9,7,5,7,6,5,7
"1223",7,7,7,6,6,3,4,5,5,8,5,5,9,9,5,6,4,7,7,6,9,9,5,7,6
"1224",7,6,6,6,6,2,5,5,3,9,4,5,6,9,4,1,1,5,9,5,9,5,3,3,9
"1225",7,7,6,6,6,6,5,4,5,9,8,8,9,9,9,6,1,4,8,8,9,7,5,7,9
"1226",5,5,1,6,6,2,4,2,2,6,4,5,5,5,3,5,1,1,6,6,8,7,7,6,6
"1227",6,6,4,6,6,2,4,3,4,6,5,4,5,6,2,4,1,2,2,5,8,6,4,4,4
"1228",6,5,6,6,7,5,3,3,3,6,5,7,5,9,7,6,8,7,7,8,7,7,7,6,7
"1229",7,7,7,4,7,5,2,2,3,9,8,9,8,9,9,2,3,7,5,8,9,8,3,5,8
"1230",6,6,6,6,4,5,3,3,3,7,8,7,7,7,6,6,2,7,7,8,7,8,7,6,7
"1231",7,7,7,4,6,5,4,4,4,9,8,9,9,9,9,2,5,1,7,9,9,9,8,6,7
"1232",6,6,6,6,7,2,4,4,4,8,9,9,5,9,8,1,2,7,7,7,9,8,7,7,7
"1234",6,6,6,4,6,5,3,3,3,5,6,5,5,7,6,6,8,5,3,5,5,6,6,6,6
"1235",6,4,6,4,7,5,4,5,5,9,5,4,3,7,2,7,9,9,9,9,7,3,9,5,9
"1236",6,6,7,6,6,7,4,4,4,9,9,9,9,9,9,1,6,9,9,9,9,9,9,9,9
"1237",7,7,7,6,7,4,2,3,3,8,9,5,8,9,8,3,2,7,7,7,9,5,5,6,7
"1238",7,6,6,2,7,2,4,5,5,7,6,5,7,9,7,8,8,9,8,9,9,7,7,8,8
"1239",7,4,7,2,6,4,5,3,5,7,7,3,8,2,7,3,8,5,9,9,9,7,6,8,7
"1240",7,6,7,7,7,7,5,5,5,8,8,8,5,8,8,5,6,8,6,9,9,8,5,7,9
"1241",7,7,7,7,7,6,5,5,5,9,7,7,9,9,8,7,9,9,9,9,9,9,4,9,9
"1242",7,7,7,7,7,7,5,5,5,9,5,5,5,9,6,6,4,8,8,8,9,9,7,6,7
"1243",7,3,5,6,5,2,5,5,5,7,6,1,3,2,6,5,3,5,9,1,5,9,7,1,3
"1244",7,7,5,5,7,6,5,5,5,9,4,5,5,7,7,7,4,6,9,8,9,9,7,8,8
"1245",7,7,3,6,7,7,4,5,5,9,9,9,5,9,9,6,9,5,5,9,9,9,9,9,9
"1246",6,6,7,7,6,6,4,5,3,6,9,3,3,5,5,3,1,3,6,9,9,5,4,5,6
"1247",7,6,5,6,7,3,3,3,4,6,5,3,5,7,2,7,2,5,5,6,7,8,9,5,7
"1248",6,5,6,5,6,5,4,4,4,6,7,5,5,8,4,6,5,6,7,8,7,7,7,6,7
"1249",7,7,3,6,6,6,4,5,4,3,6,3,1,5,2,8,9,7,8,8,9,7,9,6,6
"1250",4,4,6,3,3,6,3,3,2,9,8,9,9,9,9,2,1,1,1,1,1,3,2,1,1
"1251",6,5,6,5,5,6,2,2,2,9,9,8,8,7,8,1,1,1,6,6,8,6,5,4,7
"1252",5,4,6,3,5,5,2,3,3,7,7,7,8,8,9,5,5,6,4,3,8,6,6,4,6
"1253",7,7,7,4,7,6,4,3,2,7,8,5,8,8,4,8,3,1,8,9,9,7,6,6,9
"1254",7,6,6,6,6,6,4,3,4,9,9,9,9,9,9,3,5,1,7,5,9,9,7,7,7
"1255",5,6,4,6,6,5,2,2,3,7,7,3,5,6,5,5,6,6,8,7,9,8,9,7,9
"1256",6,6,6,4,5,7,4,3,2,8,8,9,9,9,7,7,5,7,5,8,9,5,6,3,2
"1257",5,5,6,4,6,4,2,3,3,7,5,7,5,5,6,9,9,9,6,9,9,7,8,6,7
"1258",7,7,7,7,7,4,5,3,5,9,9,9,9,9,9,7,5,9,7,9,9,9,5,1,9
"1259",6,5,7,6,7,6,4,4,4,7,5,5,5,5,7,5,6,7,6,9,9,8,7,6,7
"1260",6,5,6,5,7,6,4,4,4,7,8,3,8,6,4,5,7,5,5,7,9,9,8,7,8
"1261",3,2,4,4,5,4,2,3,2,7,8,8,6,9,7,1,9,9,2,9,9,6,5,3,6
"1262",6,4,3,5,6,3,2,3,3,5,4,2,4,4,4,6,3,6,5,6,7,7,8,5,5
"1263",6,6,2,6,6,2,5,4,4,7,7,5,7,8,7,3,3,3,5,7,8,8,7,8,7
"1264",5,5,5,6,6,6,3,3,3,7,8,7,7,7,7,8,8,8,6,7,7,7,6,5,6
"1265",5,3,5,2,5,5,2,2,2,7,7,4,7,7,6,1,1,3,6,6,3,2,5,5,7
"1266",6,6,6,6,6,6,4,4,2,7,7,7,5,5,7,6,6,6,7,7,7,8,8,7,8
"1267",7,7,7,6,7,7,5,5,5,7,4,4,6,4,4,5,5,5,6,9,9,1,8,8,9
"1268",6,6,4,6,6,2,3,4,5,6,8,5,3,5,3,7,5,5,5,9,9,7,7,9,9
"1269",6,5,6,7,7,1,3,2,2,8,9,5,9,9,8,9,1,6,6,9,9,3,2,7,8
"1270",6,6,6,6,7,5,3,3,3,7,5,5,5,5,6,8,7,7,6,9,9,9,7,7,8
"1271",6,5,4,5,7,1,2,2,1,8,5,5,6,5,5,4,4,3,5,6,6,6,6,6,6
"1272",6,6,6,4,5,6,3,3,3,7,7,7,7,7,7,1,3,2,1,8,5,5,5,3,5
"1273",7,6,4,7,7,7,3,2,2,5,9,8,9,9,9,8,3,2,1,8,3,6,7,2,7
"1274",6,6,3,4,5,4,3,3,2,6,7,4,7,7,5,5,7,7,7,5,5,5,7,5,6
"1275",5,6,6,4,7,3,2,2,3,4,4,6,6,8,8,7,1,8,3,7,6,6,7,6,3
"1276",7,5,6,4,6,2,5,3,5,9,7,7,9,9,5,2,1,1,7,9,7,3,7,7,9
"1277",6,6,6,6,6,4,4,4,4,8,7,7,7,5,7,5,2,7,7,9,9,8,5,6,8
"1278",6,4,7,6,6,7,5,5,5,7,5,3,5,6,9,5,5,3,7,5,7,3,7,7,7
"1279",4,4,4,4,5,4,3,3,3,5,5,3,5,5,5,5,3,3,4,7,5,5,6,5,5
"1280",5,4,6,5,5,3,1,2,1,4,3,3,1,1,6,5,6,6,3,8,9,6,4,6,8
"1281",6,6,6,6,7,5,3,2,4,8,9,7,8,9,7,1,8,9,8,9,9,4,8,7,7
"1282",7,7,7,7,7,7,2,3,2,6,8,8,2,6,8,1,8,7,8,9,9,9,9,9,9
"1283",6,7,6,6,6,4,3,3,3,8,7,8,7,8,6,5,6,5,5,7,7,3,7,3,6
"1284",6,6,7,4,3,4,3,1,1,7,7,6,8,9,5,5,1,7,5,7,9,5,8,6,8
"1285",7,7,7,6,6,5,4,4,5,7,8,8,8,9,8,2,5,8,7,9,9,7,4,8,8
"1286",6,5,6,6,6,3,4,4,4,7,3,2,4,3,5,8,5,5,5,8,9,7,9,7,8
"1287",6,6,5,4,6,3,3,4,4,9,5,6,8,8,5,5,4,5,5,6,8,6,7,8,8
"1288",7,7,7,5,7,5,4,4,4,7,3,6,9,9,5,5,1,1,9,9,9,7,3,7,9
"1290",5,6,6,5,6,3,3,3,3,5,7,5,6,5,4,9,8,7,5,7,7,7,8,6,7
"1291",3,3,5,5,6,2,1,1,1,1,5,1,1,3,2,3,4,2,6,6,3,7,9,6,7
"1292",4,4,5,5,5,6,4,3,4,6,5,6,4,8,6,3,2,3,7,7,9,7,6,6,7
"1293",6,6,6,4,4,5,4,4,4,8,8,7,5,9,5,3,3,2,4,5,8,5,5,3,7
"1294",6,6,7,6,7,3,3,4,3,9,7,9,7,9,7,7,7,7,7,9,9,9,9,7,9
"1295",6,5,5,5,5,5,3,4,3,7,7,3,2,3,8,3,5,7,6,7,7,3,7,9,7
"1296",6,6,5,5,6,3,4,4,4,8,3,4,3,2,3,9,8,7,8,8,9,6,6,6,8
"1297",6,5,6,4,6,4,3,3,3,8,8,8,8,8,8,5,5,5,5,7,7,5,5,5,5
"1298",6,6,6,6,5,6,5,4,3,6,8,5,8,8,6,5,6,7,6,8,7,7,7,6,7
"1299",6,6,7,6,7,5,3,3,4,8,8,8,9,9,8,6,6,5,5,7,6,7,7,6,7
"1300",7,7,6,7,7,7,4,4,4,9,9,8,9,8,9,8,9,8,9,9,9,9,9,9,9
"1301",7,7,6,5,7,4,5,5,5,9,5,8,5,9,9,7,5,7,7,7,6,5,6,3,5
"1302",7,7,7,6,7,5,5,5,5,7,9,9,8,9,4,9,9,9,9,9,9,3,6,7,7
"1303",7,6,6,6,7,5,5,4,5,9,7,8,5,7,5,5,1,5,8,6,6,7,7,7,6
"1304",7,7,7,7,7,6,4,4,3,7,9,9,9,4,5,5,5,2,9,9,9,9,9,9,9
"1305",7,7,7,7,7,7,5,5,5,8,8,8,5,8,7,5,7,7,7,9,7,4,9,7,8
"1306",7,7,7,7,7,7,5,5,5,9,9,9,9,9,5,5,3,7,9,9,9,9,9,9,9
"1307",7,6,7,6,6,7,5,3,5,8,6,8,8,9,9,8,5,7,9,9,9,8,8,8,8
"1308",6,7,6,6,7,3,2,3,4,8,7,3,6,7,8,3,2,4,5,9,8,8,3,6,8
"1309",6,6,7,7,5,2,4,3,3,8,9,9,9,9,9,7,6,5,6,8,6,5,8,7,8
"1310",6,6,3,5,5,4,3,2,4,7,8,6,4,7,5,5,4,6,5,6,9,6,6,7,7
"1311",7,6,6,6,7,4,4,4,4,7,7,7,7,7,4,4,4,9,9,7,2,8,6,6,5
"1312",6,5,6,5,6,5,4,4,4,7,4,6,2,5,5,6,6,7,8,8,8,7,5,6,6
"1313",7,7,6,7,7,5,4,4,3,9,9,8,8,8,7,5,3,6,7,8,9,9,7,7,8
"1314",6,6,7,6,6,3,4,4,4,6,8,9,9,9,5,6,2,5,2,4,6,6,6,5,5
"1315",6,5,5,2,4,3,4,4,4,8,7,6,6,7,8,1,4,7,7,8,7,6,5,6,6
"1316",5,5,5,3,4,4,2,3,2,5,5,3,6,6,4,5,3,6,7,4,5,5,4,5,4
"1317",5,6,3,6,6,4,3,2,2,5,5,4,4,5,7,4,6,4,5,5,9,1,2,1,7
"1318",4,4,6,5,7,6,2,3,2,7,7,6,7,9,7,5,5,5,5,6,9,9,8,9,8
"1319",6,5,7,5,6,6,5,4,4,7,8,3,3,3,8,5,2,9,9,9,7,6,7,6,8
"1320",5,4,5,4,5,4,3,3,4,5,1,2,1,1,1,2,1,1,2,5,6,6,5,3,7
"1321",6,4,7,3,4,2,4,4,5,8,8,4,9,8,9,1,4,4,2,4,6,1,5,6,5
"1322",6,6,6,6,6,5,3,2,3,9,8,8,3,7,8,6,3,3,3,7,9,7,9,7,7
"1323",4,4,4,4,4,4,3,4,3,5,5,4,5,5,5,8,8,6,6,7,7,7,5,5,7
"1324",6,4,4,5,4,4,2,3,4,2,7,4,2,3,7,4,7,9,6,5,2,1,5,8,4
"1326",6,6,4,4,4,3,3,3,4,5,5,3,8,7,3,5,4,3,5,5,7,5,5,6,9
"1327",7,6,6,6,7,6,5,5,4,4,9,7,8,6,9,3,1,3,7,4,9,2,4,4,5
"1328",5,5,3,5,5,3,3,3,3,5,7,3,3,4,5,6,5,6,6,7,8,6,5,6,7
"1329",2,2,5,1,2,3,1,4,2,4,4,8,8,7,5,3,1,5,4,7,1,1,8,1,5
"1330",7,7,7,7,7,5,5,5,5,9,9,5,6,5,3,8,7,9,5,8,9,6,3,9,6
"1331",6,6,6,6,7,4,4,4,4,6,6,5,6,6,6,6,5,5,7,7,8,7,6,6,7
"1332",6,6,5,7,7,6,3,3,3,5,5,5,5,5,5,3,5,5,5,5,5,4,5,5,5
"1333",2,2,4,6,6,2,3,3,3,2,7,7,3,9,5,5,1,1,1,1,5,1,5,1,5
"1334",6,2,2,5,5,2,2,1,2,3,6,4,5,9,2,5,7,7,5,7,7,6,7,4,7
"1335",5,3,6,6,6,2,5,4,4,5,8,3,2,3,4,2,1,1,2,5,9,8,2,4,4
"1336",7,7,5,6,5,6,4,3,3,7,8,8,6,8,5,7,4,5,9,9,9,9,6,8,9
"1337",6,6,6,5,6,4,5,5,5,7,6,4,6,8,8,5,6,7,7,6,9,7,6,6,6
"1338",6,6,6,6,6,3,1,2,1,3,6,5,4,7,6,2,5,5,4,4,5,4,4,5,4
"1339",6,6,5,6,6,2,3,3,3,7,4,3,5,6,6,8,4,1,6,9,9,9,7,7,9
"1340",6,6,6,5,4,3,2,2,3,7,6,4,3,4,5,2,1,1,1,4,6,5,3,3,3
"1341",5,4,3,4,5,2,2,4,3,6,8,3,9,9,4,1,1,3,1,3,3,7,3,5,3
"1342",7,7,2,7,6,6,4,3,5,9,9,8,9,8,9,5,5,5,6,9,9,9,8,9,9
"1343",7,7,7,6,6,6,4,3,2,8,3,7,9,9,9,4,2,2,1,4,2,7,7,7,5
"1344",7,7,7,6,6,4,2,2,4,7,7,5,5,9,5,5,5,8,9,9,8,9,7,7,9
"1345",7,7,7,5,7,7,5,5,5,8,9,9,5,9,3,6,5,2,9,9,9,7,9,9,8
"1346",5,5,5,6,6,2,3,3,3,7,5,2,6,3,1,1,4,1,3,5,9,8,8,6,8
"1347",6,6,4,3,7,2,3,3,3,7,4,2,3,4,5,6,9,9,5,7,7,9,7,8,8
"1348",6,5,5,2,2,6,3,3,3,9,9,8,5,9,8,5,3,2,2,5,5,6,7,5,5
"1349",4,5,7,2,5,3,2,3,3,6,7,4,3,4,7,6,6,9,9,9,7,9,9,9,9
"1350",7,6,6,4,7,3,2,2,2,8,8,6,9,9,6,5,4,7,7,7,8,7,7,6,7
"1351",5,5,6,6,6,4,3,3,3,7,8,8,8,9,8,3,1,5,5,8,7,5,4,3,4
"1352",6,6,7,5,6,6,3,3,3,9,8,7,8,8,8,7,9,6,6,7,9,7,6,7,8
"1353",7,5,5,5,6,5,4,5,4,9,7,7,4,8,6,7,9,9,9,7,9,9,7,5,9
"1354",6,6,6,6,7,6,4,4,4,6,9,7,4,5,9,5,4,8,8,9,9,9,7,8,9
"1355",6,7,7,6,6,6,4,4,4,7,9,4,5,4,3,5,5,7,6,9,9,7,7,8,9
"1357",7,7,6,6,7,6,3,3,5,7,8,8,1,5,3,6,1,8,5,6,9,7,6,9,9
"1358",4,4,4,5,4,4,4,4,4,6,5,5,5,5,5,5,4,5,5,5,5,5,5,7,5
"1359",5,3,6,4,2,4,5,2,4,5,7,7,7,6,7,5,1,3,4,7,4,6,7,5,5
"1360",6,6,6,5,7,4,4,4,4,8,5,2,4,5,5,5,4,7,3,7,5,7,6,6,5
"1361",6,5,6,6,6,3,3,4,4,6,5,4,1,3,3,2,2,2,5,5,7,2,3,8,6
"1362",6,6,6,5,6,3,4,3,4,7,8,4,6,6,5,9,6,6,5,7,9,6,7,7,7
"1363",4,3,4,2,5,2,1,1,1,7,5,4,7,5,3,7,3,4,3,8,9,8,5,5,6
"1364",6,6,6,6,6,5,5,5,5,5,4,5,6,6,5,2,2,1,5,7,9,7,6,7,9
"1365",4,4,3,4,4,4,2,2,2,3,5,4,6,7,6,5,5,6,7,7,9,7,5,4,7
"1366",6,6,6,5,6,5,5,5,5,5,6,7,7,9,4,6,5,6,7,6,7,6,6,7,8
"1367",6,5,6,4,6,6,5,4,4,8,8,8,5,5,8,2,1,2,4,7,9,8,7,7,8
"1368",5,5,5,6,4,6,5,5,2,6,3,5,4,7,3,5,5,6,7,8,8,7,7,7,6
"1369",1,1,7,7,7,3,5,5,5,7,9,9,9,9,9,9,7,9,9,9,9,9,9,9,9
"1370",6,6,5,5,6,3,4,4,4,7,5,4,5,6,5,2,1,2,8,8,8,7,5,5,7
"1371",6,6,6,6,6,3,2,5,4,7,7,4,5,6,7,5,7,2,7,8,5,9,7,7,8
"1372",5,6,6,7,7,3,3,3,4,6,7,5,3,3,3,5,5,7,9,8,9,5,7,7,7
"1373",5,4,7,6,7,6,3,2,2,9,9,9,9,9,9,9,7,6,1,8,1,7,9,7,7
"1374",7,6,7,5,5,7,5,5,5,6,8,9,3,5,8,4,2,4,5,9,9,6,7,6,7
"1375",6,6,6,4,5,2,4,5,3,9,4,5,9,3,3,5,8,5,8,7,9,9,7,8,9
"1376",7,6,7,6,7,5,5,5,5,9,7,9,8,9,9,7,7,7,8,9,9,7,7,7,9
"1377",7,7,3,7,7,6,3,5,5,7,6,7,2,8,8,4,5,3,9,7,9,9,8,7,8
"1378",6,6,6,6,5,5,4,3,5,9,8,8,9,9,8,5,5,3,7,9,8,8,6,7,9
"1379",5,4,6,5,5,5,3,2,2,6,7,4,4,5,4,5,5,5,5,7,8,7,6,6,7
"1380",7,7,6,6,7,6,4,4,4,5,9,9,9,9,9,5,2,5,9,9,9,3,7,6,9
"1381",6,5,5,6,6,3,4,2,3,5,5,5,5,9,5,1,5,6,1,7,9,1,7,5,5
"1382",7,7,6,6,7,2,5,5,5,9,7,9,8,6,4,5,2,2,8,9,9,6,8,3,8
"1383",7,7,2,6,7,7,4,4,3,7,5,2,8,9,8,5,2,9,9,9,9,7,8,7,8
"1384",6,6,3,4,6,4,3,3,4,7,5,3,3,2,5,2,1,4,7,7,9,7,8,8,8
"1385",6,6,6,4,7,7,5,4,4,7,7,3,6,9,5,5,5,8,9,8,9,3,6,2,5
"1386",7,7,6,5,4,4,5,5,4,5,8,6,2,1,1,5,5,4,8,8,9,7,5,6,7
"1387",7,7,7,6,7,6,5,5,5,9,9,9,9,9,9,6,6,7,7,7,8,8,9,9,9
"1388",7,7,7,7,7,7,5,5,5,9,9,4,9,5,9,9,9,9,9,9,9,9,9,9,9
"1389",5,5,4,5,5,4,3,3,3,9,5,5,5,5,5,5,5,5,5,5,5,9,5,5,5
"1390",5,6,5,4,6,3,5,4,4,7,6,6,6,9,6,2,6,7,7,7,9,7,7,7,7
"1391",6,5,6,4,5,4,3,3,3,6,8,8,7,8,4,5,2,5,6,9,8,6,2,2,7
"1392",4,4,3,5,5,4,2,2,4,8,5,2,1,2,2,6,4,4,5,8,9,7,7,4,6
"1393",7,6,6,6,6,4,1,3,3,5,5,5,5,5,5,5,5,5,5,5,5,5,5,5,5
"1394",7,7,1,7,7,1,2,5,5,7,7,1,7,5,5,4,9,6,2,7,4,9,1,7,6
"1395",6,7,7,6,7,6,3,2,3,7,7,7,9,8,6,6,9,9,6,9,6,9,8,8,8
"1396",6,6,6,7,6,4,3,3,3,9,5,5,5,5,5,5,3,5,5,5,5,9,7,7,5
"1397",6,6,6,6,6,5,4,5,4,8,7,7,9,9,9,2,6,7,5,7,9,8,5,8,8
"1398",7,7,3,7,5,7,5,4,5,7,5,5,1,9,5,5,1,7,9,9,9,9,9,9,9
"1399",6,6,3,5,6,6,5,4,4,7,9,9,9,9,9,1,1,5,5,9,9,9,9,9,9
"1400",7,7,6,6,6,2,4,4,3,8,5,3,7,8,2,4,7,2,4,4,8,8,6,4,8
"1401",6,6,6,4,7,5,3,4,5,7,5,7,4,8,3,4,2,6,2,8,7,7,7,7,8
"1402",7,7,7,7,6,7,4,5,5,9,9,9,9,9,9,1,5,5,1,8,5,9,9,8,7
"1403",4,4,4,4,4,4,3,3,3,5,5,5,5,5,5,5,5,5,5,5,5,5,5,5,5
"1404",4,5,5,4,6,3,3,3,3,5,7,5,5,7,5,7,5,5,5,7,7,3,5,5,6
