"","F1","F2","F3"
"1",0.559251813632258,-0.588681628348438,1.02694703001266
"2",0.980634644239993,-2.42225918301183,1.11989985411244
"3",-2.33283546055215,-2.47337782666724,-2.2178229877432
"4",-1.47801281416366,-2.09834245183049,-1.56240926611137
"5",0.0547598651526641,0.188994079523735,0.12594364459795
"6",-0.72275715223021,0.17220025072019,-1.1452616397934
"7",-0.0729019815971113,-2.1542402123168,0.16524919331209
"8",2.90228686132777,-0.710689657113231,0.997727757845237
"9",0.883433848046095,-2.23133238844799,-0.872994465314071
"10",-1.94218169797858,0.581996561398281,-1.90542946455836
"11",1.10274920454475,-1.46038138661629,-0.202432147281657
"12",-0.182388672604425,-1.4860681775892,-0.532548574884163
"13",-0.271557401151138,-2.50462301824194,-1.79342395257776
"14",3.24323534576872,-0.521199206902971,2.60354048911947
"15",-2.16300515168503,-2.80883387811012,-2.27799748698985
"16",0.27732734862823,-0.925888293691706,0.0422498368998439
"17",-1.60997127901336,-2.86820022257778,-1.67427094799609
"18",-0.204186559122911,0.8514790361343,0.996594557467712
"19",-1.95994781188209,-2.63647471168124,-2.12764531170762
"20",0.735842713667176,0.0288137364419818,2.28721401071189
"21",2.6744360995771,0.465298960045653,1.15983366758648
"22",0.268188265344666,0.319910191981749,-0.709698151732641
"23",-0.234959486294159,-1.48954107084638,-0.139322341676581
"24",-2.23330847556758,-1.30256472383343,-2.08557032693166
"25",-1.53953329525195,-1.42260246966852,-1.16285675544498
"26",-0.27489896379133,-1.98665588397898,-2.03793610150178
"27",-1.43683401957896,0.876172392014792,-1.41533794616061
"28",-1.49152258675322,-2.91967030322289,-1.69704046911691
"29",1.62755133463061,-0.289572302034279,2.62017908897948
"30",-0.321876403225387,-0.487689805485564,-0.324194332050136
"31",0.355744339033591,-1.30220392184547,0.129854748750348
"32",-2.35174524133006,-0.57011600098674,-1.32506876865352
"33",-0.534702170834609,0.569640021377661,-0.374157429276239
"34",-0.0217311171595904,-2.88804719033731,0.0458864987443
"35",-1.08833953582016,0.633088611101928,-0.679732982558701
"36",0.259314865455872,-1.99043302265478,0.0819915623469401
"37",-0.771307373566483,-0.755783000907368,-1.04280026564766
"38",1.47448002278697,-0.607398033982947,1.20209947127156
"39",0.156411628785717,-0.845820336734785,-0.0415060199578382
"40",2.49294210061025,-0.378424244812747,1.26238653682495
"41",-2.14810834274557,-2.39679789438161,-2.4583864369671
"42",-0.622333282306838,-1.28019697299351,-0.689887486269632
"43",0.629552946140406,-2.38646606932294,0.0438171999903543
"44",-1.79737477414443,-2.4077187776434,-1.1366297888053
"45",-0.374387288044845,0.166631217034883,0.489135670321284
"46",-1.21689643274682,-2.93546796565593,-1.99948939315146
"47",-1.10611287512291,-2.24452224226241,-0.314732985955326
"48",-2.46309520078713,-1.86335215068504,-2.2845038850891
"49",2.12027787989322,-0.674586129674672,0.494138836756504
"50",0.698394460648162,-1.33788059840301,0.239168857882655
"51",0.941308161822709,-2.85240664877298,-0.0722921789564494
"52",-2.023655306367,-1.53534739551579,-1.91348941123574
"53",-1.19728671303922,-1.62551082887067,-1.32579665311883
"54",2.43903264687506,-0.455543738126111,1.73984261282061
"55",-3.02266955161097,1.86734309485684,-1.69134249695576
"56",1.00850949021856,-0.781683354627701,1.13008974749131
"57",-1.54038585516007,-0.199104987552937,-1.82447731396717
"58",-0.798155073943845,-0.999042250084205,-1.06750574732467
"59",-1.94050727947792,-2.86183470092451,-2.64291548112238
"60",2.07273156610704,-2.44597930483592,1.36239230044802
"61",-0.205961345262128,-1.40281725646212,-1.10820346328593
"62",0.584968505728469,-0.797171809303049,0.154018481355418
"63",-0.721926447402165,-0.573109400890444,-1.27259499294216
"64",-1.75703510435789,1.04784653740273,-1.15486737317079
"65",-0.719018329365743,-2.07909827060919,-1.50811050461163
"66",2.50097278210899,-1.54938189949117,0.601847009487808
"67",-1.57076928783671,-0.543613819207491,-1.60805723051975
"68",-0.749359219057715,-2.61451656419718,-1.77988250323815
"69",-0.49950008263765,-0.835352178757781,-0.905089055342827
"70",-1.26158863446635,-2.25319646198728,-1.37984718441
"71",-0.14283046055874,-1.96523688864647,-1.44697926875739
"72",1.24816295722482,-0.595716913837132,0.300169827669104
"73",-1.34720724772045,2.02370503577186,-0.0621006023477106
"74",-1.36278379090534,-2.21063608626741,-1.59237700833686
"75",-1.86541306224303,-2.81023466475095,-2.3967529964749
"76",-2.18011224000794,0.247621842000414,-1.66708428726902
"77",-0.148683501259605,0.100241040113621,0.2222181819556
"78",-2.42688892719079,-1.37702035310182,-1.82401802191292
"79",-0.900435974072326,-0.704984988756468,0.506753654068298
"80",-2.12929037551814,-2.14326239115475,-2.43984885382662
"81",-0.219446220115041,-0.93563526431141,-0.106190583887342
"82",-2.50226772264843,-2.05043335224229,-2.47065670135126
"83",-2.41194174803262,-1.39321603643537,-1.38925099805426
"84",1.56660910756433,-1.80718497055422,-0.515112021935172
"85",1.92268584998663,-1.09117553253351,0.57114881043829
"86",1.63728231406551,-0.492529651261987,0.0259966429515839
"87",-0.695605675605834,-0.756949129148179,-1.47873843597849
"88",-0.549112824505668,-2.26205697469103,-1.66563183029614
"89",0.309532774689043,0.553098818092039,0.448539419996568
"90",-1.0379870920428,-1.83221455219908,-1.6283497200062
"91",-0.709514326854399,-2.84477301842687,-2.09036488579599
"92",-2.79708411798743,-1.43201887112888,-2.2100891622953
"93",-2.95416870756056,-2.2982818047325,-2.29354185802997
"94",0.133401307844933,-1.10053399922956,0.00144042954862044
"95",0.0544744280027051,0.310348857302338,-0.937176832388112
"96",0.86050543470892,0.138716422351402,0.220397210730483
"97",0.221295727638322,2.11598912165989,-0.136601856448089
"98",1.74305490564449,-0.507298431811141,1.73682070988548
"99",-0.789594210462682,1.62031534492402,-0.853865710852396
"100",-0.57212895545421,1.40825321601744,-0.335662988791669
"101",-0.333112372334169,-0.926005495809345,0.613217429130132
"102",-0.0868787622629306,-2.19635335928725,-0.194074209554035
"103",-2.23230087693356,-0.889118060431886,-1.30889333913935
"104",0.181511907948254,-0.574045406724394,-0.851906242560624
"105",-2.62889760472918,-2.80866814834204,-2.28513590273285
"106",2.1914409407696,-2.6011681965225,0.380358405024658
"107",-0.522715628946523,-2.9461770236513,-1.55000836156374
"108",-0.262635883323357,-2.29932189268437,-1.92300764917279
"109",0.0849350736836828,-2.16300970730069,-0.244843603079768
"110",-1.27948108644207,-2.86192017932866,-2.02581500045358
"111",-1.44859366758637,-1.83565838399685,-1.91343026196226
"112",-0.551536172243753,-1.76082975446104,-0.600903089502917
"113",-0.0372205000211937,-1.70806882967329,-1.12516658939976
"114",-0.760115086719132,-0.500553045051028,-0.469166835144566
"115",-0.919951931771008,-2.83105656877193,-1.64900917740608
"116",-1.47091725431709,-1.3744141236928,-1.70156176217302
"117",-1.97420450860745,-2.31486510882404,-2.11092747046094
"118",-1.4407931371011,-1.58348958948757,-0.826947416110885
"119",-1.21069679693567,-2.8687435884278,-2.28108840239232
"120",-0.276608681275555,0.925653928010698,-0.642989509241663
"121",-0.702161998842942,-1.28295646037841,-1.47364966431434
"122",-1.0800396012711,-1.64323541415148,-0.941320465501868
"123",0.638050152730183,-0.269042926941775,-0.0178576762316344
"124",0.550916518653592,-1.14779206242842,-1.3261608622752
"125",-1.35633139354111,-2.18207410461189,-1.74855388455166
"126",-2.1004199540849,-2.50004749419998,-2.11002207543103
"127",-1.59212596166262,-2.50183074603916,-2.28316073367185
"128",-1.00477599320338,-0.142289722268306,-1.60987951707506
"129",-0.718838910810758,-2.75662965155134,-1.49734501446552
"130",0.126185280356029,-1.09812022358624,-0.28086266963263
"131",0.310577307949834,-2.36008320606574,-0.0191830613182341
"132",0.92725775403961,0.0889593983846952,0.418394324625125
"133",-1.653802748677,-1.69223031648763,-1.21608306934053
"134",-1.27639025025352,-2.36425754564844,-1.67421567054283
"135",-0.409853775678063,-1.57120343171018,-0.14502653037488
"136",0.557401555107666,-1.66755110599486,-0.779654477363675
"137",-1.84705001071186,-1.26303355159766,-1.98068911660888
"138",-1.57383290835279,-0.845514013715931,-0.561276039605378
"139",-0.13397824077219,-0.157813582178939,0.514012596989477
"140",0.135017643740442,-2.25433614203183,-0.308314850170785
"141",1.33404919004315,-1.24265364382254,0.362294544884098
"142",2.10265303600385,-1.14522455955269,0.511806662739602
"143",0.163912329797645,-0.6720473339903,-0.701647985210928
"144",3.01265888578163,-2.59566088457329,0.769624326582101
"145",-0.858920575361454,-1.74130607642343,-0.736483768233008
"146",-1.19869566366045,-1.251068776102,-1.43428473168122
"147",-0.442764277765568,-0.895278890717714,-0.587130155333003
"148",1.65242726065955,-0.112821452256575,0.740854184158279
"149",-0.224760014687739,-3.07860819541587,-1.47354996723256
"150",-1.08033725039185,-1.96181069621707,-2.17549363872661
"151",-3.16169749253934,-2.77261598680551,-2.52343724056523
"152",0.368450223994615,-0.781531595169031,-0.679505930272836
"153",2.24116089888517,-1.64632404517138,0.982975421463872
"154",-0.301498810479171,-0.199457123980161,0.115399849659966
"155",-2.5429993369458,-2.81508544816751,-2.68886834350121
"156",-1.64950840224946,-1.81281042959638,-1.89807789265327
"157",-1.61693421531299,-2.80993483604326,-2.13838228169865
"158",-1.18690195395829,-2.25106945562686,-1.74929582967821
"159",-3.16169749253934,-2.77261598680551,-2.52343724056523
"160",2.12416870488645,-0.789875384556774,-0.599108892126612
"161",0.15008160006477,-1.7797052068939,-1.64244880219294
"162",1.59991588017609,-2.18326783053747,-0.0668183562257684
"163",-1.79348356095212,-1.83092040051413,-1.91648649231587
"164",0.119512412158314,-1.72803338113603,0.559559240998128
"165",-0.311479478608288,-1.86278233896215,-1.60606830666892
"166",0.395701306050599,-1.69968682614446,0.0297022163266255
"167",2.45364950152583,-0.228262127008719,2.69608370679028
"168",1.1020816221198,-1.71276384305307,-0.168556522037778
"169",0.578693172340472,-0.365817645601035,0.833936149690203
"170",2.67608999587231,-0.10547400598921,0.920277664229825
"171",-2.68093767588974,-2.78035681306829,-2.57992969636438
"172",0.142990189165486,-2.10365564961242,0.518520175886638
"173",-2.81588851299462,-1.88046222520886,-2.3761953626072
"174",-0.0917041257304392,-1.29666359869687,0.0167555951549856
"175",-1.27486337747999,-1.60639319164869,-0.923172141825329
"176",-1.23404667679362,-1.9874141118007,-0.858162363140816
"177",0.757371793157829,0.139777699696953,-0.166817203239934
"178",-1.06463813555961,-2.85063919054206,-2.11200011606438
"179",-2.52019973672475,-1.92929779731687,-2.18109887415481
"180",0.0548968562874657,-0.632371778814939,0.911388915458833
"181",-1.40747757805342,-1.34126202808271,-1.02395062009143
"182",-1.09193591377527,-1.89024213481904,-2.03507135094637
"183",0.268880023795996,-1.50921695872448,0.0582876980665217
"184",0.0968486605995841,-0.289446828392428,0.0753356589515024
"185",-2.04218872917784,-2.1003391674177,-1.9916367818513
"186",2.44869974207092,-2.66521213433743,0.323211220293885
"187",0.722207527955145,-2.23564591553801,0.187698182780772
"188",2.15652278585173,-0.0777305743398501,1.47605184429378
"189",-0.804447418605698,1.39639979070129,0.172973816683859
"190",-1.90012255136738,-1.80720365471729,-2.16153788629695
"191",0.0519942551778576,2.24181671060888,-0.700490461846077
"192",0.697542679905047,1.22280566420201,0.366565556947606
"193",0.382187561751778,-0.892973212455274,0.204094960841589
"194",-0.567378318043958,-2.33514744475248,-0.0529360614010412
"195",-0.322076051564045,0.456988499714345,-0.19557904070945
"196",1.07603969531934,0.403620721883493,2.59865315556889
"197",-1.16188241664572,-2.31467991233688,-2.02458366946205
"198",1.30503000959111,-0.215229428614421,1.437713508041
"199",0.606561881838536,-1.30947443308362,1.85820737941703
"200",-1.41979884284764,-0.304081455528519,-0.992056209189814
"201",-0.506329364232203,-1.74600081926751,-1.31247839141415
"202",0.227515450826639,-1.6472301232379,-0.101474467520787
"203",0.802650717421518,-0.659497596278778,0.218711480245753
"204",-0.314900421530726,0.487190568390268,-0.351406540822824
"205",-0.057330083653505,-1.38123388237307,-1.40546917474302
"206",0.4970892096016,-0.0861525961791487,1.24400177365351
"207",-1.41623703667605,-1.61741559188507,-2.21939730058802
"208",-1.62165572522171,-1.84961946181981,-1.83961472270377
"209",-1.99396799871808,-2.89673993238365,-2.03557241969186
"210",-2.34142300175042,-2.08939409282093,-1.23334174302938
"211",0.0602652807074239,-2.22723647155707,-0.897909090576612
"212",-0.234441189570314,-1.8100486400335,-1.20959312991719
"213",-2.10753145310855,-2.78012312930488,-2.22564027449007
"214",-1.79561551428186,-1.89494798451528,-2.30363252269081
"215",-1.60621530998101,-1.8062432449002,-0.473711072687949
"216",1.06076395688619,-0.471895038877504,0.338019414513106
"217",-1.04026797569155,-2.45965065030075,-1.40498085704222
"218",-0.171078170966473,-0.991713931683432,0.071868617745417
"219",1.69276698909858,0.0648490139174626,-0.161829354998351
"220",-1.68702185726251,-1.5015978494185,-0.855451801782978
"221",0.863211312444481,-0.916808027207656,0.788539145340355
"222",0.420651026411904,-1.18182130490339,-0.363937228354513
"223",-0.593203694155313,-2.30845777114345,-1.86644338655237
"224",-1.77925690455431,-2.17815112800375,-2.414657634705
"225",-2.23580424355678,-0.584538041358032,-2.0957326596991
"226",-0.310757652736364,-2.50206996032887,-0.336246073256692
"227",-1.7589076438986,-2.88657816761451,-2.46691737701209
"228",2.01254584895121,-0.532920012876675,0.6381252836103
"229",1.55639281127437,-2.40719072623568,0.131555608686446
"230",-0.369407853635745,-0.0350440132098674,-1.44876157963498
"231",2.6835367292656,-1.77850119719242,0.799099619092855
"232",-0.526903394244176,0.0518621377454232,-0.0169492844872226
"233",-0.844685442457288,-2.82781570987827,0.326362260800879
"234",-1.24205659706164,0.17666549284286,-1.55018480400742
"235",1.22860283945236,-0.723379810293656,0.3348027183384
"236",0.613810085363303,-0.364199184319189,0.546858891783221
"237",-0.620203216000835,-1.30977867879783,-0.167669463133981
"238",1.13185743167303,-1.02804204346315,1.20289503325904
"239",0.949553929354053,-1.85186898455489,0.103155248948465
"240",-0.338597867249105,-1.72140873145145,0.23106893519303
"241",0.341060925487961,-2.35557364107674,-0.616491506094313
"242",-3.181825273309,0.262808525037142,-2.11349456087203
"243",1.75859179859322,0.253207664482681,0.620955871361778
"244",0.813123161001627,-0.926144879212853,-0.981427666286497
"245",-2.6035366702068,2.08342651114467,-0.723874095679673
"246",-0.715438493765757,0.789838304237989,-0.940001473920566
"247",0.53387113001836,-0.413562629009734,0.125269065317911
"248",-1.17642196556554,-0.124546891008656,-1.05473610235739
"249",-0.386167400869805,0.788786938705792,0.0497234190109324
"250",-1.26802947877064,1.96512254651048,-1.51584951376796
"251",-1.0986963203507,-0.282368483422428,-1.74305266994282
"252",0.451322080169248,1.01744216634809,0.282123115153337
"253",-0.681024599714571,2.02580359674112,0.449442348323226
"254",-1.06160751613125,-1.86006828372756,-1.32080358986251
"255",-0.560431733862776,-0.539492722520506,-1.5074635381001
"256",1.5511897436088,-1.65208852739331,0.484820037268176
"257",-1.28525029203817,-2.20963682339426,-0.399670740154337
"258",1.24392632846705,-1.85039473694775,0.656411614886727
"259",-1.37116682276769,-1.21168652379214,-0.606654465922206
"260",0.471075727745636,-1.80701665287003,-1.18503217797751
"261",-0.184462002422685,-2.28428151835459,-1.6390672903815
"262",0.969907955120863,-0.451378384636784,1.24712858701592
"263",2.31958211583109,-0.53180738377981,0.717541656400901
"264",-1.80396937100032,-2.070468025631,-1.62795104988581
"265",-0.128865826503622,-1.28169478131472,-1.71881660230064
"266",-0.47206408572086,-0.545224859066625,-1.13244309148967
"267",1.60845070446081,0.0847869110288344,0.796559261593859
"268",-0.1720109368646,-0.215431661811284,-1.46479176264634
"269",-1.28855606843383,1.19795137382875,-1.25615616098761
"270",-0.0600528345331993,-0.659916307281565,0.298372002233669
"271",0.671307101967474,-2.20463334995883,-1.60501501741072
"272",-0.369608894136973,-1.84304027714274,-1.22901522321172
"273",-0.0520722596324819,-2.26166547887728,-1.40814684577037
"274",2.33117862975313,-0.531412139359617,0.729149949872758
"275",1.85911501229944,-0.424295356491528,1.77262888950779
"276",0.955580532157307,-0.98920126144598,0.120367548941048
"277",2.07391367899363,-1.26189493476815,1.44360821823202
"278",-1.05089427935934,-1.59813137333752,-1.44801042742044
"279",-2.43261556130247,-2.81224488121842,-2.49039369274876
"280",-2.1395671610817,-1.68383343957468,-2.16742838015426
"281",1.18219730894373,-0.345754104436663,0.633234131115098
"282",-0.0609098293385734,-0.0585104489621677,-1.01867951950931
"283",1.67425851871849,-0.735478610652674,-0.56563594936717
"284",-2.18301780927884,-1.49701384443126,-2.18655926567227
"285",0.682057721083136,-1.2895323807575,0.0600005446291898
"286",-0.678990249671421,1.01246924775523,0.138869714838806
"287",1.30812275637114,-0.771363507969542,1.321535220396
"288",-0.486157464001937,0.640203723663082,-0.528934412158611
"289",-0.747209890947105,-2.77412344861933,-0.330490362787235
"290",-1.90971437941251,-1.01962647165504,-0.937469873523309
"291",-2.42934486088422,-2.26501202763091,-2.22368001801739
"292",0.677583482390268,-2.15647637689227,0.0264917613621579
"293",-3.16169749253934,-2.77261598680551,-2.52343724056523
"294",-1.16716628951191,-1.15084790468119,-2.00962511363763
"295",-0.783855277977457,-1.75211450887686,-1.62543438057219
"296",1.95669491759898,-1.10643895456042,1.39794069627684
"297",1.73642523140449,-0.314288175138147,1.76070657218304
"298",1.24837459086529,-0.535745508727271,0.633394120037726
"299",1.47957748969752,-1.1677724641365,0.167432809988144
"300",-0.923236397302586,-1.33841191220402,0.0549133890715497
"301",0.294700931312983,-1.78185355386675,0.0290832351577719
"302",0.571405796243777,-1.38855665574617,0.0102090000444073
"303",0.710313207240961,-1.72813993210661,-0.507574800731353
"304",-1.82063860767858,-2.6242631652615,-2.15856235889669
"305",-0.101627910983198,1.46586173792857,0.170188560165373
"306",2.04084125057875,0.29239939678432,1.43154771677253
"307",-2.89510103329219,-2.20369395702949,-2.40253100980722
"308",0.985658303585063,-2.76829453163879,-1.09812328087344
"309",1.2160619845099,-0.301029400691832,1.85870905209509
"310",-1.68816505097386,0.210171009481826,-0.167177944630025
"311",-3.08923000049981,-2.77222679211858,-2.52316003026694
"312",0.817099276542657,-1.08709977709521,-1.0796119475919
"313",-1.86834753777414,-2.26279419961108,-0.392225564447557
"314",-1.76723285334657,-2.17717851352849,-1.71923251827748
"315",-0.937481914737204,-1.0933002058103,-1.6891986044266
"316",-0.136072916822677,-0.45581035510817,0.912135337756436
"317",1.10098559730891,-0.847753108917401,0.155764446038172
"318",0.980330999787337,-1.76431717246002,-0.923948759412151
"319",-0.57624526348291,1.11519305224645,-0.866582726774796
"320",-0.325322349504394,-2.36250095118733,-0.995528727830959
"321",2.31686403330998,1.59663417800609,0.343514329615124
"322",0.507052853059091,-2.83062910062158,-0.0239925383222845
"323",1.9260030995903,-0.531896619949385,1.26157968987212
"324",-2.90352238595082,-2.45052922579621,-2.25947251943867
"325",0.561560530707742,-1.62611664105645,-0.40487725463666
"326",0.0911889826388251,-0.971955022384088,0.0826422968369336
"327",0.728817875415798,-0.20983317644221,0.311243392674207
"328",-1.16398865182112,-2.61008261563042,-2.21706905667972
"329",-1.75195359605047,-2.4348297745683,-1.48707653688969
"330",-0.864548278810525,-1.37044914482035,-1.71286836815034
"331",0.627677321340953,1.24266064073878,0.414666324240117
"332",-1.2110932113818,-1.33458067643572,-1.87423067375193
"333",-1.02608438557384,-0.275916966880212,-1.78457712341339
"334",0.657934981122177,-1.1116444019025,0.156269673312657
"335",0.458614494404993,-2.06142580796486,-0.0484196882343484
"336",0.351543785057336,0.130032527934681,1.1361846131986
"337",-2.5352103599863,0.428872598997136,-1.63652771924589
"338",2.35719691296821,0.225862107931342,2.36350454089779
"339",2.44863662046604,-0.643407312540054,2.45274323455071
"340",0.191980710118998,-1.74987059476871,-1.56149203354816
"341",1.82096544070214,-1.07507374836898,1.41235621914882
"342",-0.199258866235531,-2.12881262308922,-1.40676128220055
"343",0.518714579614505,-0.76528896831121,0.858030571539342
"344",1.82608045487588,-0.572747679556206,-0.521038604094624
"345",0.129904284799029,-1.8955098753636,-0.130464589588678
"346",2.19583701260835,-0.655540322172051,0.488793401936947
"347",-1.72266790562417,-2.24016290823722,-1.92556838908678
"348",0.038517042711042,-1.03941006657353,0.219638046180073
"349",-0.0637366234485601,-0.787194046653688,-1.14733020492682
"350",0.317156985149612,-1.54505107936264,0.130847229101504
"351",-0.771063409311292,-1.78035296983946,-1.30798018758144
"352",1.79172178141999,0.0277755551859595,1.5136037070585
"353",-1.48957119924952,-1.93983683362137,-1.75902418303314
"354",1.23657348024295,0.324013883603875,1.49117126320366
"355",-2.31917742095487,-2.34260664256855,-2.41105807611058
"356",1.9517592277762,-0.0133255184586102,1.57929929615046
"357",3.36830491300124,-1.33919413104761,1.39319936628783
"358",-1.37237190638049,-0.856970658677288,-0.644838651152328
"359",-0.217129361317591,-2.17195148963555,-0.0990829173536879
"360",0.388556288344835,-2.51840814644422,-1.24826614523823
"361",-0.563390695983494,-1.04697425857533,0.702231787809735
"362",0.0363832440690992,-0.959146447248675,-0.0107409928267366
"363",0.505185585678774,-0.637699148045417,0.96317951688773
"364",0.530125465936898,-0.502989793887579,-1.06707973248477
"365",0.0491939708364056,-0.0256572791254464,0.499972002420945
"366",-0.283657700233517,-0.876926981501824,-0.0280439204532422
"367",0.856642895944164,-0.97996993938424,0.405642950039658
"368",0.291761999265289,-1.39746139214071,0.0628157155203636
"369",1.97638492139859,-1.30364637929905,1.44362891487966
"370",1.54277829385622,-0.397669655765784,1.40906497913293
"371",2.76691364661253,-0.556550925973569,1.51842713192135
"372",-0.167797313467353,-2.92711472535982,-1.64121219970579
"373",1.04958167177887,-0.389051869182722,0.419902315517654
"374",2.84896334187426,-0.823204077857166,2.25784556689078
"375",-1.05776625448265,-1.65071678861417,0.365194163001353
"376",2.36920213470152,-0.546307785353787,1.54496776790407
"377",0.372498943950663,0.295678085060313,0.263230407564142
"378",-0.0332134054885638,-0.394171062486469,0.074066547935667
"379",-0.988852202763743,0.89282728446417,-0.133971826545317
"380",-2.60846925874324,-2.81277192907851,-2.31455250232277
"381",0.94955060148182,-1.52512014672511,0.0433227558390482
"382",-0.361864010195381,-0.457339504549056,0.132378430991033
"383",2.96224653636451,-0.924377771803925,1.5840234942596
"384",-1.58912088725809,-0.732863329359247,-1.53152722842456
"385",1.19388635990406,-0.334148088799319,1.37511637734463
"386",-0.243393489220251,1.12599681424107,1.35356507657678
"387",-2.09905620527402,2.69659596943799,-0.469416808254051
"388",0.31382267244812,-0.245298417666813,0.853756006645037
"389",-0.7035438735242,0.567665961690643,-1.16928159312042
"390",1.37150846839893,0.436196381029571,1.43357223598289
"391",1.80230750553533,-1.09193599055902,1.36433334220499
"392",1.17671681246835,-0.317819251283087,-0.201015728411286
"393",-1.72386470875512,0.178510275015776,-0.0981893600452557
"394",-0.491836582092988,-0.716120392959642,-1.11780900151405
"395",-0.775930108603231,-0.727524836467165,-1.03948382354932
"396",1.39704882844492,0.681406159548901,0.206396907468169
"397",1.92836646158996,0.474928564118566,1.21592576785226
"398",0.228302541713329,1.03410029610144,-0.462950156787249
"399",0.53774561548121,0.516586699824604,0.215160092727942
"400",-0.297522957982106,1.70266745721336,0.301991643121394
"401",0.510897287166488,-0.730821059918145,0.121099740454104
"402",2.06034451134243,-0.621908355705308,1.09591026372309
"403",0.322774793671506,0.0638483421228219,-0.133626315412456
"404",0.074143816274947,-0.53341919724101,0.532808396894298
"405",-0.205323190547393,2.17218794864618,-1.17903947484844
"406",2.66165561379203,-0.810403902009494,1.26403052997592
"407",-1.48357823018093,1.98857811299261,-0.618865285821576
"408",-1.43819900575904,1.03186008666324,-1.80530817021657
"409",-1.57567519144591,1.00891283595759,-0.0723231747621875
"410",-0.402192505891982,1.04538105869782,0.41932131132168
"411",-0.228169099329674,1.07428441409412,-1.40658609702042
"412",-0.128133934715233,0.190712115072126,-0.458568699980784
"413",1.9886392204812,-0.50439781743377,2.45837377065054
"414",0.0263944236145356,0.280094642597638,-0.014055470989551
"415",0.756304063026852,1.42662726939964,1.25955341825669
"416",3.04130049341803,-1.18720828300067,2.51631657143045
"417",-0.574626519455358,1.01400812234921,0.460842069351909
"418",-2.71130337080705,2.58486506080265,-1.74612362351447
"419",-1.75779622907007,1.05384284800384,-0.1379078162263
"420",0.359260893928222,1.15300078919363,2.07293804080665
"421",1.94884297926539,-0.545456633155677,1.39938118717072
"422",-0.735920483638713,0.414506007009387,-0.0308172837391921
"423",0.347105734593501,0.295366215367983,1.08649407443654
"424",1.24685584595554,-0.266676845910245,1.31465500683033
"425",1.26801928290261,1.19977714198652,0.826016886523103
"426",2.05676369281844,0.512556957154289,1.69498557241401
"427",-0.759226276040786,1.07004466169705,-0.427955219207722
"428",0.236173734475212,0.994649107303806,1.03365766366704
"429",0.883331109855239,0.689762280555929,0.153208480126327
"430",1.16890008645516,0.273451698158221,1.59850137571453
"431",-0.309438843107831,0.4689145517012,-1.29146889452895
"432",-0.879802792831711,0.284484513970273,0.552709130499866
"433",-0.242250507755252,1.54033088872352,0.642175280930626
"434",0.987149376109231,1.07288126290124,1.41612052712071
"435",0.900770049620371,0.761109738705031,1.56759658298264
"436",0.89062227087553,0.676727817090903,0.551851033724292
"437",1.57687071727202,-0.149218453489352,-0.0342353881243879
"438",0.578431147581168,-0.701385204001892,-0.452361396368062
"439",0.352069777535261,1.34549848155214,-0.694161692712906
"440",-0.332711420029889,-0.313091260111758,-0.810125242981542
"441",-0.615098995654941,-0.1106472358907,-0.0728165704068643
"442",1.05243279329148,-2.08138923003172,1.64039367626044
"443",1.73144654309349,-0.79479092545594,1.18400140236986
"444",1.46195484634612,-0.397433696546373,0.313011363431887
"445",1.45216704627133,0.576963915173455,2.62241543644008
"446",1.47772608212602,0.0648622735898387,0.267166875655645
"447",-0.675388234301166,1.21836026224896,-0.325926922969833
"448",-0.314660125971064,0.726358607208579,0.306838597900527
"449",-1.22650766250796,-0.032183004748945,-1.40636586636599
"450",0.798857371388619,0.33218385035047,1.55917260835346
"451",-0.286756523592206,0.354198227073138,-0.988288861354779
"452",0.524355198780469,0.0774261682659647,2.15156594840729
"453",-1.34552173349826,1.69891958855274,-1.21831617849901
"454",-0.559115931001137,2.44320985242965,-1.39841271124186
"455",-2.61362941513327,2.53467551400424,-1.73060777699238
"456",-1.31622337054664,1.51611834117668,-1.16188888426122
"457",-0.251539819062807,-1.48695328436185,-0.52125900792258
"458",1.17562689775199,-0.22013793878923,1.65181096571578
"459",-0.353369883132558,-1.49251329831209,-0.463000567057814
"460",1.08020257212846,0.756475952544951,2.53642009077492
"461",1.3137184246017,0.710065793483306,1.26300785872297
"462",-0.85868002558831,1.91178474856235,0.366843226599157
"463",0.703119089705832,0.559618101850474,1.32746742269927
"464",0.456406686516095,0.218955609710825,1.0699193808202
"465",2.06020354295599,0.300549869749284,2.16812117687744
"466",0.43741040783609,1.03012502453398,1.43644223682214
"467",1.07306044531137,-0.0689196562979511,0.728435793640469
"468",1.37650068814571,0.928947149722464,1.5284392059712
"469",1.34926443826722,1.18986143192702,1.28577224070904
"470",0.0935095841184407,1.12844589772495,-0.578460292251727
"471",1.84974898193144,0.0283754414252331,1.57046803844589
"472",0.735839780495422,0.179582848821479,0.744342989938658
"473",2.28668049408215,0.87641261283598,-0.0818564140444402
"474",1.11176978585861,-1.11776094210519,1.38489291939275
"475",-0.208576655490349,0.460070980595072,-0.219384982501123
"476",-0.945909636680541,0.752579483489684,-0.178593442109668
"477",-0.342770268546352,0.0697184412587411,-0.75748940454184
"478",-2.96611084658586,1.39999379688477,-1.90803058837256
"479",2.21322940551341,-0.390381744406771,1.99671214990367
"480",1.79853835861424,0.465880547163053,0.947408784151657
"481",-2.39524205841842,0.528520018516296,-1.8700627548935
"482",-1.06902129483189,1.7780233247757,-0.484997512542153
"483",1.34534054423275,0.307905383038493,1.44918298287054
"484",2.70562067493962,-0.822582483900357,2.89310124757078
"485",-2.34419894655699,2.09491327906576,-0.665805271023788
"486",0.589253900556443,0.508313781883556,1.03240967559736
"487",-1.94968796971866,-2.08444259891394,-1.73736964101352
"488",-1.42738528061289,-0.972148681439873,-0.868268587124212
"489",-0.475809203049631,2.26372640467388,-0.150063754356039
"490",-1.34513689379405,1.49850468242898,-1.4953196837287
"491",-1.29635371045683,1.77736120529033,-1.16195526221525
"492",-0.398013526447014,2.83339522433985,1.90213839168999
"493",1.85688204388629,-0.598862491673531,1.51947182357949
"494",-1.98208102805413,2.49543112144846,-1.2257884384925
"495",2.08168501310537,1.24645220797916,3.40532187864657
"496",-2.34856665957252,1.60739126325554,-0.929080146876212
"497",2.28401390896115,-0.579886912010411,2.33119714078305
"498",-0.18402975665613,0.942799904068635,0.529759149120261
"499",-0.8649221543914,0.0385120843674181,-1.37680297801439
"500",0.273486892603963,1.86402622491491,2.22971774312444
"501",-1.93840833147816,0.466755590553029,-1.70387631348158
"502",1.26593082572313,1.06055744688864,1.53082377613964
"503",0.00661627526962125,0.838206662374184,0.168654921003657
"504",-2.80273319474934,0.748799942048661,-2.14657950271142
"505",2.1767247437691,1.03037249502094,2.37102196217728
"506",-1.08176236254877,-0.0285796509149233,-0.222632283233689
"507",-0.562361343424924,1.1671942360327,-0.286102998445639
"508",3.22563124999444,-1.03831920464446,2.40685129008392
"509",-0.34274395373127,-1.69240946116945,-0.148754892323418
"510",0.615769397903609,-0.536793346435278,-0.0176796358083369
"511",2.55935226569614,-0.0586487296073231,2.78258650976357
"512",0.701744672078369,0.335387003172466,0.464956213833623
"513",0.783332553646173,0.093586748208782,0.444836857158468
"514",-0.596361840968615,0.566323811130863,0.0342802090524563
"515",1.22575180852339,-0.0735767579291867,1.51982666276183
"516",0.381666978272141,1.5694728700645,0.593212121818857
"517",-0.146973631318021,-0.0892291658134587,0.222188233627507
"518",-2.25169878118558,2.65022321190627,-0.50993623943684
"519",-2.03224740165848,1.00917538795215,-1.62995775510263
"520",0.0610463304909242,-0.317102925108162,0.127331961456689
"521",-2.02675809681253,1.60106865177967,-1.47651392314545
"522",0.407191493737584,1.34027131994124,-0.713273809379542
"523",1.44476954527792,0.524670795792133,0.351112768548355
"524",1.41667523237698,-1.10820918940259,-0.417655123875424
"525",-0.61350031217696,0.966874957902074,0.965441694322638
"526",-0.30175251820797,-0.106080467914547,-0.512279356814863
"527",1.1230055945193,-0.897327137883322,0.18242035238344
"528",1.48233768753487,0.183154168186368,1.19454842151561
"529",0.179025180723352,1.80229934985951,0.315965197339034
"530",-0.737771533893945,0.589116407581173,-1.27393078132999
"531",0.318728406469512,1.09520616894468,0.150186630679566
"532",0.153357111841477,0.296398553171726,1.31864789767321
"533",0.842562072754038,2.18789060756136,1.46941870251882
"534",-1.24184942836829,0.700198820371135,-0.0390550318857429
"535",1.38334112843194,-0.405025792359067,1.61563881449596
"536",0.956013492460958,-0.1997441081767,0.163613690129266
"537",-0.830668047293315,-1.19881248662223,-0.22276815518642
"538",2.27691750977646,0.101049920677491,1.54012620059062
"539",1.7510925095005,-0.545662099825338,-0.0343588208455514
"540",0.267266181520918,-0.339218250802342,0.837909183442831
"541",-1.08331835373892,2.01700258191492,0.251206681067878
"542",0.439858942142805,2.65889461465405,2.42886076541608
"543",1.63888803754451,-0.172328348318725,2.0620219099617
"544",2.5142065655115,0.153043281566406,-0.570061219221239
"545",2.39847498736327,-0.563963677139852,1.43133382670442
"546",-1.25606627995891,-1.04611785755051,-0.944882244805543
"547",-0.118113290024729,0.116305077079485,0.286381890348228
"548",1.62187972718181,1.96738537806537,1.75721225900279
"549",-1.81745336136573,-0.61156649894918,-0.619932797862428
"550",-1.6330255942524,0.369693471104753,-0.197194872983783
"551",-1.30990000300422,1.3339020702111,-0.59564270832481
"552",-1.09092372387863,0.747095170836343,-0.448985857866963
"553",-0.241062219200816,2.12702268836537,0.525009043296125
"554",-0.861427068503017,0.870476676879233,-0.982232050707205
"555",-1.58250053840055,0.81150949494598,-0.696906057301063
"556",-0.0241664755432877,0.844779820274169,0.240433601545085
"557",-1.81464833632449,2.5759707328087,-1.63017661397928
"558",0.863596427606716,-0.53390431743623,0.106344474623929
"559",-0.804464394946619,0.190895214635113,0.726013450787176
"560",-0.686741601322205,0.527901135656058,-1.31800932400749
"561",-1.55277152324658,1.16121061827732,-1.64251596303307
"562",-2.09620764702766,1.36850786074751,-1.65095499561996
"563",-1.20091051733732,1.6539313985032,0.16708449508316
"564",1.51771122693611,-0.759580559789347,0.946800668714845
"565",0.694559706803174,-0.174151189625315,0.961977499446572
"566",-0.280777277957849,1.041160248153,-1.18037424691059
"567",0.665381814903228,1.10307886507898,0.000796514243398363
"568",-0.567958803772592,0.157812684147099,0.781029139129114
"569",0.0993576187976817,0.306867096458892,0.713538680784929
"570",-0.21884423984801,1.04597999353478,-1.30409326093265
"571",-1.68683984195108,2.16794781338447,-1.50462198572883
"572",-0.211656201004522,2.1918129018865,1.30338173403353
"573",-1.35104186658561,-0.477667371344932,-1.57126988117588
"574",0.737935444714668,1.31681819379181,1.32817472758072
"575",-0.934032919412653,1.05968803956706,-0.726775383097193
"576",-1.27874457747053,1.29028572509621,-0.111483125594975
"577",0.923348326330089,-0.813915273592396,0.903206120831249
"578",-0.749635799591288,2.17541715448809,-1.10931835548396
"579",-1.25232349454644,0.745612773030444,-1.19045671918788
"580",-1.36503499861323,1.15608628450015,-1.4097949584409
"581",-2.54886512402111,-1.5294086637971,-2.15791852043676
"582",1.60744229337492,-0.499656941853455,0.72749472904236
"583",0.905395056722544,0.938527811376664,-0.0577402834142756
"584",0.256942508524167,1.59645297476193,2.38514613668364
"585",1.88312836788069,-0.620298655751238,1.27356787862628
"586",0.585489684447892,-0.798283342449294,0.166162992316921
"587",1.81301643878282,0.180153136502088,-0.757087098158026
"588",-0.39202662128712,-0.281761510721216,-0.799975446205796
"589",-0.841197273918278,-0.292899596511047,-1.67138893247263
"590",1.78072153048484,-0.943108498179553,2.47650518348788
"591",-1.65997000787646,-0.157141434819931,-0.908165892890902
"592",0.885697093488054,0.856862777920664,0.573389074024733
"593",1.65421323514115,-0.402137661550714,1.16555870650762
"594",2.05493665849894,-0.261139400887629,1.56471938556407
"595",2.34707435783549,0.314590246403347,1.47898815750335
"596",0.514879699566095,0.000625909703946372,2.27387072239091
"597",-0.745926902141041,0.805629966387166,-1.24964394937062
"598",-0.0812425237249982,0.667799916508316,0.107082869891815
"599",1.20503063280533,1.91079629519024,0.593548351611993
"600",1.75338367624955,-1.84575661791041,1.82389683078898
"601",0.533292072872371,-0.800029403558635,-0.0662501670791291
"602",1.88829998205326,-0.941542513815089,0.524525511886588
"603",1.01631951585822,-0.72871460011654,2.18310197105549
"604",-1.66426189950472,2.3592239185996,-0.119182706559386
"605",-0.570939605185402,0.974285826827343,-0.0754421895560708
"606",0.723395875022154,-0.0133837848579866,-0.526564146654641
"607",-0.804970087131625,0.424442194439502,0.655312761225262
"608",-1.55043956415076,0.578909065317573,-0.833518508705887
"609",0.811488508179317,1.61006840076555,1.4792035564398
"610",-0.870873193214939,1.42252697933705,0.193965197609268
"611",-3.33047035775782,1.96972991139851,-1.93509275763904
"612",0.207318727063467,0.701490013847755,0.475771356154242
"613",-0.427745909437557,2.76363091459559,1.02133878161633
"614",-1.55406434332917,-0.739445747023622,-1.41932632956063
"615",1.3467440776583,-0.642004802396372,3.10643486493855
"616",-1.20051740709303,2.80003116385387,1.47293499433163
"617",1.2552460731609,0.773298281935593,2.3937609536261
"618",2.02805684616656,0.645496442631081,1.9642124407555
"619",-0.873429174280895,1.85898753031494,-1.14614616505465
"620",2.32960117537837,-0.478128292062643,2.09840345053357
"621",-2.32903662744344,2.23917201582941,-1.67618312156974
"622",-0.322611725846827,1.45497760394656,-0.909504416807921
"623",2.28835090142166,1.04877440606281,1.24442126342791
"624",-0.40919724296714,-0.141069109456537,-0.423766241898627
"625",-1.66061826316565,0.388819454241856,-1.43498828772052
"626",1.02354841579495,-0.470742617567841,2.5921329126228
"627",-2.11704288241591,1.479870849358,-1.80237517617698
"628",0.775915521276026,1.33802231386199,-0.156847238081508
"629",0.920332230305293,0.77444105858787,1.09736638560798
"630",-0.302197310401226,-1.05364236285638,-1.22077283059079
"631",0.024763671928479,1.4940576913925,-1.05306457945913
"632",0.937178988382987,-0.407093517895307,0.220319960721517
"633",0.666742945543634,0.694116945747984,2.08937186303925
"634",2.26857297063119,-0.418246261674749,1.58845875502151
"635",-0.00797732852886141,0.976121637694636,0.0627138981799613
"636",0.769137411046518,-0.102844180676979,0.990080658887563
"637",0.932696029908856,-0.495460160228373,0.0628850652264755
"638",-2.14314115962937,1.80212498827724,-1.66971708691725
"639",0.301456378321426,-0.510882116382405,-0.987614279141385
"640",-0.918333241833814,0.964017855695034,0.0767995002678278
"641",2.95787818804614,0.14719529909603,3.34188431555357
"642",-0.356232724669368,0.581217929125831,-1.51613199381729
"643",-0.127748987548443,1.77467432624829,1.33369691460215
"644",-0.453050293602779,0.950508717614501,0.00454987876888668
"645",2.88475639719412,-1.5525817268157,3.1408656879745
"646",0.651918575709294,-0.140604405752882,1.62172454000106
"647",-0.983878331020495,1.27440576364264,0.246739672262043
"648",-0.301687323822046,0.900415560543047,-0.447070477639165
"649",1.10888394814125,0.832071620083056,3.03624611535775
"650",-1.59068674116161,0.863822485327407,-1.11459007379612
"651",2.28081233765607,-0.705669498943241,2.01428926448322
"652",1.94978721058586,-0.232441286576574,-0.535976153250221
"653",-0.328190419901972,-0.298554972225269,-1.12049211785444
"654",-2.5796581283184,1.58022538932647,-1.62422474957902
"655",1.31898980487443,-1.01226250225237,0.471097983050677
"656",1.12791583037857,-1.35714397519984,-0.378724763445119
"657",-0.692158152797001,0.490492072820887,0.371597925255316
"658",2.67589774201625,-1.55336816126596,2.61406745567915
"659",0.738860296018322,-1.05497715672278,0.255086421850547
"660",3.0807263019345,-0.451068896339382,0.739388313937663
"661",2.64355017635082,0.452944367497803,2.39417924896298
"662",1.78475538339245,-0.0481045159829333,0.608767632646352
"663",1.44983599054249,-0.185202673065175,-0.595095681232362
"664",1.562852904116,-1.55644776883804,0.329764425739615
"665",1.49051188306491,-0.615717363909942,0.86646775523517
"666",-1.0259968039062,0.51751839017299,-0.279977804178463
"667",-1.10974777696062,0.888967762322119,-1.60625571058193
"668",-0.89811256625878,-0.399004008918564,-1.0988435792635
"669",0.736437011269494,-0.183751758560952,1.07551059343558
"670",1.89038239813298,0.503811379929167,3.17268175329801
"671",-0.14105806800175,1.339431731873,-0.590537815744739
"672",-0.169196504696894,-0.0332994693107758,0.0407240083731639
"673",-0.796054675705059,1.79513503560848,-0.0773945419250721
"674",0.826583917744449,2.70405531972262,2.44758738118962
"675",0.114372878122079,-1.42795725974362,1.46148357654642
"676",-0.304849624345039,-0.160975718129579,-0.463466500078657
"677",-0.259965338289861,0.876365097368789,-0.653246962889001
"678",-0.676469786537553,2.05062362143412,0.195593137122719
"679",0.310142003114055,0.935527740728385,0.290590516573861
"680",-0.501555440105469,0.206802651164729,0.656662415791606
"681",-1.54562115368212,1.18843406336781,-0.186496085509978
"682",1.79972576102899,-0.866298090782032,2.78464016218403
"683",-2.98799995912526,2.59568163329782,-1.99003348429673
"684",-1.53110523270643,0.78806264610782,-1.21005069623956
"685",-3.39785342007927,2.61463575268918,-1.78876443611174
"686",-3.27360307316467,2.6376738544014,-1.90399990751173
"687",0.394697111087846,1.4132162433725,0.596648663382211
"688",-1.13385739245429,2.16317747962192,-1.35833227042617
"689",-0.107372944425038,-0.638441449014099,0.559664194533637
"690",0.16957259388679,0.952575040226464,0.621304095028044
"691",-1.71119908780481,0.095653166014081,-1.95623881199274
"692",-1.75163752245843,2.19999411312164,-1.76745748314132
"693",-0.587600897052105,1.39843064005418,1.15312886862056
"694",1.19627490371973,-0.209316214645572,1.50993075099226
"695",1.69369766457115,-0.530959211930371,1.33061745356057
"696",0.947905931980349,-0.0822342899187563,0.245861629627577
"697",0.450919717887749,-0.0942928169947635,1.73126235820788
"698",1.83377121519906,0.0553167281302987,1.46626685458422
"699",0.169075764819444,-0.104902930611276,0.123784187522923
"700",2.47185105936799,0.474603235654449,0.539559794837613
"701",-0.834265155011096,1.10923582494046,-0.270150297526527
"702",-0.390730318500772,1.94198116425528,0.317791866068405
"703",-2.25672558227935,1.89801999446443,-2.00458508947296
"704",-0.349660886907126,-1.36546173956,-0.286434231681238
"705",-1.31143568452555,2.75812342416467,0.893130977925116
"706",-0.0348883184808104,0.885597154033826,-0.0252890656963701
"707",0.750609041197383,0.995893089329037,0.116319115120405
"708",-0.691839287177985,1.55140633048801,-1.07486276619704
"709",-0.131510901430022,1.46212022547561,0.0666984085015503
"710",-0.979017923213126,0.418285319449122,-0.880208031312617
"711",0.342859525978868,0.525576951229761,0.785886918787403
"712",-0.882903865162732,0.774813119100871,-1.02024983110522
"713",0.578117374572341,1.4395727880776,0.301802259478419
"714",0.777063824468794,0.775445095160114,1.02986189860553
"715",-1.15798351623458,2.50864549032369,-1.55808579443033
"716",0.532819117595148,0.859827825188086,0.106941101539335
"717",-2.01941545216446,-0.208253072615584,-0.845289180350809
"718",0.131262502138737,0.0324699466703252,0.355589459631026
"719",0.574663623269133,-0.271591590569081,0.458864932592688
"720",0.0321637994540724,0.700828608652871,0.125045369798417
"721",1.28233673424377,-0.552164275831772,2.22649186556061
"722",-0.961328530620619,-0.0808242656628872,-1.36341484361661
"723",-0.798479619409809,2.53651945279383,0.00483492747345463
"724",-2.54552336652986,2.36418275448046,0.528348812270878
"725",0.157182441946521,0.471568800799371,0.00229825929584428
"726",1.53004301983556,0.512383612152394,0.889206186496531
"727",-0.517463625944278,1.41187038292102,-1.15376325924106
"728",0.246391723008301,2.05793426222452,-0.944460142856643
"729",-0.163915775773363,2.43153241152387,-0.274632821632805
"730",-0.885456325230902,0.314865908427456,-1.51017896216692
"731",1.20572959489347,0.567932378260264,1.54655347572239
"732",2.17105701762836,0.502255423853403,2.51558043201749
"733",-0.34232598050882,0.961977723954526,-0.849717397909522
"734",1.03023439781161,-0.377188690134954,0.36923839547908
"735",1.67285833302658,-0.278988638533466,1.58023816722922
"736",-1.2961938815826,1.85335653405741,-0.532103660130027
"737",1.59279190856559,-0.293350700051369,1.54608701452325
"738",-1.10213688715099,1.48849430331655,-0.657215526992398
"739",-0.152645686271261,-1.0196079992577,0.728222883389051
"740",0.151066679388227,0.881539033489615,-0.0305220708060737
"741",0.558380938885834,0.432814647313077,0.701486004082115
"742",-0.450831881057413,0.358382094497196,0.159385330688606
"743",-1.68469577447592,-0.295134414001688,-1.64707117053181
"744",1.25561993717952,0.379522053190515,1.0420536049763
"745",0.627892408395554,-0.12550435185373,1.46777359654005
"746",0.885604963006597,-1.22487249173844,-0.126629578556909
"747",-0.115059970068644,0.303851281224091,-0.836838226374938
"748",0.954189361694501,0.992881714616862,1.14786805579033
"749",0.14143312568683,0.313352442650445,0.677670276663096
"750",2.02620509213988,0.400321813624882,0.525123078326049
"751",0.352193774076937,-0.924430259798854,0.25079051941193
"752",0.486847708623569,0.00186454667320932,0.86471435485271
"753",2.19537554251619,-0.898815128848221,2.3069055784725
"754",0.2673441596483,1.39411770652705,-0.844425290773563
"755",-1.54383742568761,2.50309979314177,-1.55581885102753
"756",0.564938662209982,-0.99336383830887,0.0191944703996148
"757",0.215841657170777,0.376193997713108,-0.202396560679118
"758",1.36798657250173,-1.03520861400113,0.576385180885003
"759",-1.38457616910124,-0.0612143639748621,-1.76334842618317
"760",-1.37263932400444,0.817689378099984,-1.4942237497842
"761",-0.115286247238674,1.32466447470551,0.125283187375242
"762",-2.2576951123385,0.934511365222919,-1.72411938977573
"763",0.1255490762696,-1.06184241043867,1.60086264658619
"764",0.458136225387837,0.753493318299599,-1.04292864533184
"765",0.46043190952199,0.233713177639405,-0.488452663161193
"766",0.103415019223842,-0.672046499252433,-0.556309583074548
"767",-0.782273267725752,1.58856016149516,0.0776650526695708
"768",0.141951500922183,0.014033184460495,1.20850593185088
"769",-0.354760825473411,0.650801875728048,0.0721178050646694
"770",-0.793369744025419,-0.838647626046482,0.110632463760005
"771",-1.04339469397197,-0.123806734133268,-0.377942227468758
"772",1.42890178722224,-0.188900177840588,1.55656569955315
"773",-0.90852054129939,0.278031954413743,-0.71338735388097
"774",0.166622793368765,-0.904274460522857,0.50644287274577
"775",-2.07554932385847,0.909443957224954,-1.84043873185754
"776",0.268124763477905,0.297831294450194,-0.00363349354392063
"777",0.097485765319661,-0.613397362347692,0.201139815999601
"778",-2.19821734347836,1.46373183437456,-0.560090553967325
"779",0.19462148939095,1.73867559173672,2.02713906809
"780",0.358216409348775,-0.226981606610926,0.193864481851668
"781",1.245923783619,-0.230261986577414,1.49252366862762
"782",-0.38495738927184,1.48834508129938,0.817419175969159
"783",2.26246274294124,1.6542525098006,1.13593650252346
"784",1.76917232157781,0.69310099878257,2.54891476372441
"785",-1.04213041312689,0.209594868580857,-1.51808970779907
"786",0.84852937824807,1.09802414112364,1.06971369557077
"787",2.34267194263986,-0.505242928142022,3.2020209163767
"788",-1.6605468865239,0.131933944530535,-0.783035875579278
"789",-1.16967729190211,1.45971459701756,0.613539760091423
"790",-2.86393002859543,0.43194145360299,-1.79058811464758
"791",1.84352813903759,-0.0982727694552705,1.53752440881522
"792",1.62661715233316,-0.388736512995083,1.09857441396404
"793",-2.65998886631477,2.56965491324114,-1.69226996505883
"794",0.048298561049883,-0.136728855152516,0.210862595005072
"795",2.21558845198037,-1.20672496300612,1.5382358224243
"796",0.83534675451133,-0.233604517117405,1.03856132793628
"797",-0.878323753370634,0.201589621584451,0.108358925222834
"798",1.4070115844687,-0.125294655786239,1.36928259295728
"799",0.658157341265008,-1.19601352038913,-0.512045240001178
"800",-0.512016723685817,1.21095241956691,-1.44697496445768
"801",-0.149559104978584,-1.29545417432942,-0.849576962050915
"802",0.410656427011486,0.914053223978838,-0.176013229265832
"803",-0.87919751249558,1.51193184572602,-0.360749100094119
"804",0.315316432764871,0.892233006903579,0.270407385463165
"805",-0.233930276978429,2.37354066271288,-1.17332314926694
"806",0.29452648671693,0.384357641000783,-0.0875122882764892
"807",-0.125222679328128,0.63131844057532,-0.342549040632551
"808",-1.28750035425245,-0.874762131590411,-1.24954230867576
"809",-1.51998893711602,2.03761046277836,-1.03144287704241
"810",0.887112769514189,1.08293610293519,1.54203099795884
"811",1.26886804475607,0.158620795645261,1.38377979344864
"812",1.89977004545205,0.188123999128263,0.879851409577934
"813",-0.466554468725168,1.21157135206211,-0.955772171663872
"814",-1.74612555541841,1.84936751515405,-1.46567885116773
"815",0.21621963926522,0.104646589485553,0.389016483185516
"816",0.00438539883557659,2.19155231359297,0.0796382736543504
"817",0.57655139701956,-0.629431545477285,-0.210305003472735
"818",-0.304479060488171,0.0538442709200399,-0.0587478000144369
"819",2.44375151484729,1.44082051116179,0.324087171897596
"820",1.68509028434693,-0.930018154909706,-0.132408806922715
"821",1.65242317427953,-0.901888731085772,0.519527641169154
"822",3.73001541940847,-1.76165245419669,2.95439433169814
"823",0.430866071229479,-0.849317483462124,-0.17990232181734
"824",0.00879248717289752,0.208564913204276,0.304356316867068
"825",-0.481783268005422,1.55449382818485,1.10803680689402
"826",0.245741701385714,1.58970809040527,0.839718744404367
"827",-0.0221746003720666,-0.475378213191484,0.456402438636691
"828",0.943726766469173,-0.299093654123054,1.22512941875796
"829",1.53936580842264,-0.87453483910139,1.14825887638568
"830",-1.86530223560847,1.93749764669931,-0.942630029249586
"831",-0.194744593089513,-0.583883790319372,0.933199127182735
"832",1.40880842125533,0.287697093636259,2.26248413520988
"833",1.38176595597808,0.307485284683911,1.14430288823337
"834",-1.5299222436076,0.608689027044822,-1.52790784609012
"835",0.441478278747132,-0.716623059339513,1.60526894023588
"836",-0.533519030443228,0.437761064257787,-0.543996328698565
"837",-2.47142025183593,1.60930103697523,-1.57207539812675
"838",-1.51568848020585,1.53068671295002,-1.79494383700534
"839",0.638039667528326,2.6643162423968,2.59842235464142
"840",-0.260143733791953,1.01219674309063,-0.163902393490401
"841",0.0849893277353969,0.291166743185456,0.562161430777599
"842",-0.187964558114873,1.5641498437942,-1.15872778385198
"843",2.18267071188614,0.456951704933776,1.6733573993398
"844",3.50119833459446,-0.160568621681719,2.53933598830221
"845",-0.46587957250256,1.62117107056116,-1.19034901663864
"846",-0.730868310395593,1.97739722163506,-1.29577588535625
"847",0.498961836679181,0.232080406110641,-0.812030827063569
"848",-1.60486704632435,1.08602133934359,-1.70384621132317
"849",-0.938687031618249,0.592189741367021,-0.941139493106647
"850",1.08448540200233,0.0708567411556549,-0.365040525426239
"851",1.40749394094569,-0.664146577311755,1.45251185482206
"852",-2.12330567963447,1.21579493882876,-1.78389879917443
"853",2.22417755625153,0.211766715463717,1.66685233877507
"854",-1.70620687479966,1.88341504799165,-1.59681288961642
"855",-1.07673673275187,0.143811897117013,-0.587048725061321
"856",0.946647616685481,-0.84125830002613,1.36725478322775
"857",1.07541356278745,-0.599115351551552,-0.933505628763928
"858",2.32755646019087,-0.705123738501718,1.75429536068684
"859",-0.270247393118172,-0.870631464959795,-0.158384389116574
"860",1.57949410923217,0.52159133655506,1.5686541289386
"861",-0.735842962837433,0.252121558072523,-1.24956489503483
"862",1.54424232610842,0.0769680509217665,1.28617933913493
"863",1.40656290367397,0.765087216825381,1.41367883599477
"864",-0.0520355016623008,1.83582055286126,0.273036230474831
"865",2.42353550038781,-0.270536187926836,2.10344802513947
"866",3.26293001708331,-0.936922783320015,2.46189726803023
"867",0.326895290047859,0.881633437271559,-0.204273786200817
"868",-1.61336674776118,1.21788581412526,-1.5318538092359
"869",3.40033921838437,0.660767900492627,2.31919053809644
"870",1.98089125152196,-0.568354752223401,3.80708776114146
"871",-1.51782628959264,1.34720644772125,-1.36618806082086
"872",-1.15335624029011,0.740125438526237,-0.795651589189556
"873",0.673223897624413,-0.0607661347432873,0.161734165899715
"874",0.328720400948647,0.699709826213815,1.63829857346702
"875",0.649157961832941,1.6207103621194,0.80974351718798
"876",-0.531847161539726,0.621678353520279,-1.25476706322974
"877",-1.30053633497585,2.2568221559943,-0.172603680118275
"878",1.01588339887403,0.311084636897127,2.43410098640255
"879",-0.721528278193889,-0.988181872575698,1.0577303478277
"880",1.19602664409513,-1.65576796011463,1.86231916152828
"881",1.69839235833765,1.68002189681912,1.51826249478805
"882",0.218447231282175,0.629142537381405,0.155031730126036
"883",0.812953520565466,1.52474409933813,1.66460726452854
"884",-0.513200997843223,1.6199613100542,1.08564648496415
"885",-0.0269400328221546,2.07035269348742,1.19197487615861
"886",-1.23855659641101,-0.118210657734133,-0.876493562842436
"887",2.43903264687506,-0.455543738126111,1.73984261282061
"888",2.39881187463245,-0.468732347189594,1.6672679606046
"889",1.76844379957416,-0.232811771950192,2.45258323952176
"890",-0.920086705525549,-1.46627550820819,-1.63127563780878
"891",1.26483657288148,0.610536062451621,0.831077397049137
"892",1.71032748334107,-1.1306503547526,2.96496531464445
"893",-1.74564061586675,1.62951917740049,-1.36999025191118
"894",1.91247783522585,-0.230888810863343,1.13563342372847
"895",0.785449151067863,-0.520864668426353,1.73677317812178
"896",0.620730908643324,1.61082503630616,-0.272623050534322
"897",-1.18608581788384,1.43886878158463,0.811625799917608
"898",1.15622193906638,1.39687051346636,1.26746989090632
"899",1.51520956958465,-0.292514970503756,0.796593687416537
"900",-1.14103210043388,-1.05779565782834,-1.17553268638237
"901",-0.301449336146992,-1.06205367808848,-0.628960086003812
"902",-1.43229897349582,1.30582876906424,-1.01504625959937
"903",0.484590393263342,0.866978489329404,1.25961592676838
"904",-1.38954651342801,0.487863975748095,0.0772251995882428
"905",1.78202585859771,1.23060643927183,0.705301786469965
"906",1.49945651079181,-0.161535975783144,1.87884255724223
"907",1.07997167713198,-0.0889016007859596,1.37416964965898
"908",2.36189539685192,1.6797775049154,2.31952443708113
"909",0.581801349651268,-0.931295297861565,-0.852562995139929
"910",-0.563887620348662,1.44313073638293,0.133596919837262
"911",-1.60621257285642,1.89759541520354,-0.891377136481817
"912",-0.42925370907679,-0.233257404455116,-0.951112691857621
"913",-0.454878493198559,0.255887562948945,-1.07330103690721
"914",-2.24791414076435,1.72114356675207,-1.25062748970447
"915",3.79526130732418,0.0855727528078448,3.0136800373758
"916",-0.425318360143431,0.905973286626124,-0.913414795479733
"917",0.8643926079222,0.143814412243353,0.360899423917107
"918",-0.358516500759714,0.903183532437384,0.690422275605576
"919",0.171939029916957,1.58651150810278,2.03021197412636
"920",-0.109539028847694,1.34880568381482,1.86532349806908
"921",1.71379631135286,-0.138961476199516,2.45898653750884
"922",-0.163106832573803,0.128900483004802,0.120650759694953
"923",-1.38993501930624,0.31759367607588,-0.483948826959141
"924",0.344117034603995,0.40174587872376,2.72820256062616
"925",0.137348698307905,-0.667414182161168,0.779000774958415
"926",0.627163114478089,-0.159109556856734,0.774212492334496
"927",2.02318570799128,0.183575322220728,1.12754447368633
"928",-0.208999245557192,1.0445606770096,0.521345245390208
"929",1.06351588544784,-0.829586906651331,-0.1487100054448
"930",0.896381215853775,0.0538299243104673,2.32038691077418
"931",0.791754026029902,-0.389578596443168,1.58915026095333
"932",-1.35087153428492,1.52443933020758,-0.0677092053893368
"933",0.775223593608283,-0.0807497151914032,0.915216396771026
"934",1.12225646233058,0.0900081629580428,2.52951710200518
"935",1.081047108827,0.280161074101265,1.8273780841489
"936",1.07728912692362,-1.44673331883932,2.28548203360986
"937",0.751739355101621,0.438156903126942,1.47144633243057
"938",0.635633857318042,-0.170437294968081,1.17094628768454
"939",0.998788665058947,1.42294958836383,2.39066845629998
"940",-1.94575472394198,-0.360335567645098,-2.1288232736431
"941",-0.567643749891041,1.03170235598729,-0.442248595777276
"942",0.117061240926125,0.449745131845419,0.136688801550858
"943",1.87901161237658,-0.102830947085947,2.36952594508704
"944",0.326527188422516,1.10700955127465,1.46460880039817
"945",2.8817802088709,-0.104117258609112,2.08043069070665
"946",-2.61232541951561,0.791487931906843,-1.53481920197966
"947",-1.64844730121778,1.29037625064449,-0.106510596091605
"948",-1.67977863235756,1.70803979388444,-1.27679856323784
"949",-1.14747074485178,1.33210000068325,0.0514203531233307
"950",0.592721592431645,0.337416058600722,0.851307199048549
"951",0.911212419299437,1.71215542339043,1.40599362350146
"952",-0.396231926194269,0.934499162434818,-0.615523616992735
"953",0.12376386060095,0.395924174902567,-0.29216450797045
"954",-1.04747037926264,1.66073494630411,-1.35406218156885
"955",1.09551625945682,-0.574081388766793,-0.91843774419898
"956",1.13139450992063,-2.33333496479607,1.06053123754337
"957",-0.894997114474481,0.855348880919909,-0.0842021623459882
"958",0.288463341236935,0.211743194704233,0.192290013538301
"959",-1.82151194704235,-0.0210846841836473,-0.945560444528852
"960",-1.31422644463625,0.737158274300563,-1.55523683346388
"961",0.52131559094655,-0.0465337707104947,0.875432417154454
"962",0.018316326798877,0.854439917226919,0.725597320431325
"963",3.16541292549311,1.15189393596676,1.37203180465917
"964",3.54587966297769,1.76232281356595,4.05485398171016
"965",-1.30927996398969,1.18477111452596,-0.144449403670116
"966",1.23192122237525,0.762075648083944,1.35560720531293
"967",0.345895113939399,-0.131229051660538,1.10484033523807
"968",0.438121716311845,-0.623324339230009,-0.366304249972508
"969",-0.131047036470893,0.541145078087448,0.240401055800488
"970",0.542104742292331,0.371162547636456,0.925052311063254
"971",-1.59016296771622,1.01161748753451,-0.385705476394464
"972",0.257779486014567,-0.0476791762694725,0.275292071776393
"973",-2.86420541465522,0.329620208273785,-1.8434224290799
"974",1.15286142735027,0.345025110261442,2.57752868711766
"975",-0.0277522336691961,1.47297834509099,0.837507249930019
"976",-0.146340507187249,0.311187537499338,0.0687727237607564
"977",-0.933712681266309,0.333799887069632,-0.124900808311173
"978",0.220529053177913,0.0330777145384353,1.24926995356288
"979",1.74550640494182,-0.569403158639935,2.58416010538213
"980",-1.79682258572205,1.71771574656258,-1.32280996970921
"981",-1.01163754188516,-0.231410967450507,-0.758268104001868
"982",-0.722851850651415,1.62141848226076,-1.56145592626531
"983",1.05784565018274,-1.41114096454318,0.53760002809157
"984",1.02031739199764,-0.712469803011438,0.866977472711797
"985",-0.937417086776232,1.10012785285329,0.973444420869594
"986",-0.57895158557472,1.60099355880711,-0.977230556978972
"987",2.39460637681965,-0.5034893884867,0.940423239317513
"988",1.42676484178657,-0.540317813553757,-0.258300397153201
"989",-0.653244433235097,1.24416460852109,0.194529039876768
"990",1.4574439078866,-0.439841796782691,0.455668583747943
"991",0.803515929246785,1.91972346479689,0.995769386910865
"992",0.512498863904891,0.253834026889635,1.28346514664716
"993",-0.866347260092273,2.35452610226487,0.877005100199255
"994",0.82541250695957,0.183068928701416,1.54559697625152
"995",2.50302318459592,-0.167221099551537,1.80750289795311
"996",3.2582059429289,-0.915006778317734,4.16277260837294
"997",-0.194402674577092,1.38469145302825,0.125055587264202
"998",1.41911373175863,-1.2431054874155,0.724317881911627
"999",-0.347354456223273,1.87315067775163,0.125580884556355
"1000",-1.35131928535703,0.523743674442926,-1.4785981763165
"1001",0.929992166531646,0.528125340259382,1.1356868718445
"1002",1.13144115785318,0.590356049850025,0.740121111227536
"1003",-0.758070220014604,-0.0487485560619893,0.0799954541931336
"1004",0.217269440457405,0.299942544937758,0.42040853914939
"1005",-1.59656180487318,1.00451308491489,-0.492840393118009
"1006",1.8966425578801,0.428219937709966,1.57024127202511
"1007",-1.26844942151728,-0.70246582364641,-1.08832552445062
"1008",3.17931643011427,2.4016629572939,2.88139158478594
"1009",1.56690747123778,-0.545294920911136,1.99772675216243
"1010",0.323666741548741,1.2388676717636,0.865861832130773
"1011",-0.525751228593807,1.44420191148434,0.282287486889571
"1012",0.252953067462184,1.60020543168089,0.948193518597691
"1013",1.42948277674548,-1.29736162535009,1.08307465844614
"1014",0.0277379326723205,-0.804485710495641,0.997860435863689
"1015",2.21567816593714,-0.238503255602803,2.31386913918476
"1016",0.962661154492044,-0.323428344876198,0.579154650294037
"1017",-0.364277656881363,0.731405546712832,0.979716409878689
"1018",0.166046218658235,2.59176063838583,0.290810686817555
"1019",0.00179331453641347,-0.634437573122599,-0.673057689366859
"1020",0.170186770520368,0.756398730675443,0.611158377030992
"1021",0.510155461402003,1.1207317670305,-0.674341556249132
"1022",0.25510559100138,-1.41690834359631,1.21388257137714
"1023",-0.990643505352922,1.71137627826211,-1.12093377495475
"1024",-2.40335810965702,2.24205098797545,-1.76961441701429
"1025",-2.55925463225203,2.7215861760947,-0.550533670752844
"1026",1.44286309340426,0.477996825102301,1.73834117617157
"1027",-1.18283061134121,0.00110718642824098,-1.351269580677
"1028",-1.33043350036947,0.582559219222326,-1.15188204696877
"1029",0.550825021671139,-0.349015343816512,0.985008084957496
"1030",-1.25888237809867,-0.0829741117261883,-1.64464905614797
"1031",2.12269866232629,-0.53332654948232,2.49339321325821
"1032",-1.49408294104561,0.986791738407841,-1.60235719649645
"1033",-0.161260460094394,-0.0144685345212288,0.298603699124819
"1034",2.20464559548497,-0.00554255594530476,0.82570983923168
"1035",1.64527017879594,1.06326941421076,1.89716101729947
"1036",1.3935919678965,0.761952095782714,0.330942412009645
"1037",1.65943807624694,-1.56118731277753,0.649618068535331
"1038",0.852527981729185,0.0862362590196507,1.21776679303334
"1039",-0.755732568749771,0.735640569917508,-0.285221067113704
"1040",0.350990975369334,0.959860517442714,0.113817371031429
"1041",1.44041919123077,0.500911019506335,1.56958008027277
"1042",-1.41878077603616,-0.661104239846033,-0.191759514251401
"1043",-0.713582268837543,1.26107214744588,1.00667251004135
"1044",0.206384258684434,-0.00181561477381144,0.362889900797429
"1045",-0.68765643451997,-0.0698608163161366,-0.0135777288403407
"1046",0.536094422413582,-0.819670417114703,1.44725443312902
"1047",-0.147361758183959,-0.28844124112459,1.01007924523315
"1048",-0.753134894714082,0.864749528660895,-1.31451253354899
"1049",-2.59620943913594,1.81015893222216,-0.871469821911644
"1050",-1.94209167026164,1.92218046967469,-1.15041533114786
"1051",1.37798763507378,-0.376922738892516,1.32698161694545
"1052",0.918578588341225,0.188521502500868,0.489733774400619
"1053",1.69905419714098,0.492212076066077,0.557974097329657
"1054",0.428780097920795,0.709420731143841,1.0173852715852
"1055",0.813129742303525,-0.501867500984397,-0.261389275054878
"1056",-3.42756277263931,1.49780405427494,-2.03046968809072
"1057",0.371542434355163,0.240952576122892,0.554873911291498
"1058",0.223246972647863,-0.666607728260156,-0.793623686413723
"1059",-0.49617314502115,0.64032287787159,0.23771771281115
"1060",1.24182309316965,-1.36369417576861,1.33381158975442
"1061",1.38630490775178,-0.697621070046288,0.617593616841708
"1062",1.98489929125981,-0.162231177526225,2.42336248623034
"1063",0.907174490449902,1.66471139237353,1.41788077046323
"1064",0.00547384084235562,-0.983365306122273,-0.0212867920510391
"1065",0.691332801826592,-0.0287646985985165,0.372275280360556
"1066",-2.39884689906592,1.88821420747103,-1.76596791096594
"1067",-0.759098750781281,0.928326886129143,0.0530517936791205
"1068",-0.656726692193568,2.5581832591355,1.92629815416305
"1069",-1.42947601117131,2.3552180507431,0.753038798173204
"1070",3.57968986174822,-0.29246965742895,2.98838991560005
"1071",-1.36148046334211,1.19267048363267,-0.221459657895864
"1072",1.45071891917459,0.584266733581137,0.495095934186322
"1073",-0.628318644961552,1.17360062498516,0.128647004990685
"1074",-0.575787366713429,1.28798210277526,0.0369317999442168
"1075",-1.66363946145581,2.67332027283284,-0.187768543126055
"1076",-2.07161540899954,1.47262423072015,-1.96305021416069
"1077",-0.250383839944466,2.7315277568472,1.19722410529744
"1078",2.86543096204692,2.33570422012842,3.14476829770982
"1079",0.83770879910852,0.771874029081361,-0.658843705156229
"1080",-0.631025460627606,0.784021097174184,0.954408134660675
"1081",1.25613271599479,0.888098762155352,1.50597589464914
"1082",0.164980708886437,2.3639265975506,1.63188454241861
"1083",-2.20951382003365,0.761472577343021,-2.16426969706098
"1084",0.338676493725018,-0.0622150693264518,0.553066053211939
"1085",0.249320420738393,-0.764967735478576,1.21817092427296
"1086",0.185205137405865,0.986543719412554,0.4456133243393
"1087",-3.22412493664216,2.60006077582762,-1.75773050829715
"1088",-1.85825117662482,0.561620431826541,-0.921921245418933
"1089",-0.982320728208168,0.666540943215745,-1.21085999402645
"1090",-1.46467792401498,0.742622126756839,-0.930860966689296
"1091",3.1894030466432,-1.51128555092084,4.03447839335194
"1092",1.25261938538069,-0.556269061796806,0.166381760697835
"1093",-0.684680617710694,0.243757852860841,-0.436017943998724
"1094",0.838391767868043,-0.166181056974382,-0.281194935978163
"1095",2.01119522940099,-0.828588958424341,2.12042852332491
"1096",-3.34452927374415,1.72877155446343,-1.8675781461799
"1097",-2.21605926833709,1.44400217427127,-0.400147484442397
"1098",-0.254413816235477,-0.0130153345642611,-0.820692317546112
"1099",0.141460545898657,0.0951877906469541,0.469757861030112
"1100",-0.720758501347811,2.73447820348648,1.10775277214078
"1101",0.63277737203441,-1.02953061686469,-0.600411446876458
"1102",-1.80973461893028,0.362069752097332,-1.71682669562293
"1103",-1.63343906660083,2.08248390415839,-0.726728950771338
"1104",0.600501107954183,2.63771890639759,1.74784489781721
"1105",0.356848677446885,-0.365148029253428,0.601186415890313
"1106",-1.77577871687009,2.81780749824797,1.14456881041154
"1107",-0.193236498396959,0.585171622609423,-0.935918608021635
"1108",-0.16855266450917,0.29705817343969,0.784251543167764
"1109",-0.314348119013341,-0.92849056043837,-0.56922042210255
"1110",0.736964779897829,0.751186605462194,0.816758446599524
"1111",0.296519582746352,-0.642449875052535,-1.24393543984023
"1112",2.74758637224933,0.543927198624621,1.70353570666091
"1113",-2.33484087462906,2.54141915686932,-1.68906032353518
"1114",1.2261326800379,-0.55481098892161,1.34690596370101
"1115",-0.281993813567042,1.01466385332129,-0.338689250305257
"1116",-0.908223582361996,0.840564219915071,-0.0805963846705685
"1117",1.4543783567204,-0.0921765406375,0.551805576347415
"1118",0.677627492160451,0.0831793084901837,-0.839535418535475
"1119",-0.435350285673574,2.35701635718101,-0.851436287885354
"1120",-1.84930062597011,0.791444258087808,-1.48122099128157
"1121",1.66804890101993,-0.889831071342415,2.20613515469919
"1122",2.65366694729439,-0.367502728423234,1.27850772925178
"1123",2.40910134374293,-0.822476827724233,1.6778854826487
"1124",0.465431043431377,0.355718028506899,0.261756690383555
"1125",0.0431892080335613,0.928827930785432,-0.0260484923527675
"1126",0.0704701138988327,1.17231920429559,2.22937682314972
"1127",1.34055215233848,-0.0988111276826223,0.613199563534516
"1128",1.14892283308018,-0.141282384226209,1.32632133020169
"1129",-0.350982600748404,0.21283072092463,-1.1604925993115
"1130",1.12009596848079,0.895083043118983,1.41014103199472
"1131",-0.625556251871465,1.6711554132732,-1.23252078015688
"1132",1.72714377283754,-0.942960437250803,1.23401166680019
"1133",-1.53827764999436,0.926817882082829,-0.49442636822267
"1134",0.833886585363828,0.340967283198266,1.18511188552186
"1135",0.864603832910899,2.25632515970876,0.446284028880237
"1136",0.0724462628403533,-0.439809334858317,-0.0646037509895463
"1137",1.84896463561023,-0.601929056311454,0.859409213765568
"1138",-2.56559723960608,1.16629854882347,-2.03159688330621
"1139",-0.230565786366353,2.05410679191189,0.827774987427195
"1140",-2.99392992307629,1.4711889163219,-1.81474562006333
"1141",1.49680451992976,-1.428531061524,1.16269596308945
"1142",-0.323280650120905,1.67239001212716,0.786134295193007
"1143",0.511908519558967,0.624464031625698,-0.15345998864564
"1144",2.52951060550453,-2.20218159114437,0.537794424447285
"1145",-0.140600299423634,0.781833764506632,-0.888211238877734
"1146",0.208599487853073,0.709563667877721,1.01541236350875
"1147",-1.24241003906738,0.55214538865715,-1.24226772392572
"1148",1.02186047371158,0.709448189182542,0.066792991356507
"1149",0.887472897553497,0.055919528275859,1.52507095927445
"1150",-0.454272055615918,0.593682027407613,-0.995141724222379
"1151",0.282093542476032,0.0949959418716756,-0.695852683499796
"1152",-0.792599706083857,1.95876578100733,-0.780478623491298
"1153",1.42641719291665,-0.612794755898511,1.89815843217327
"1154",1.79869769784299,-0.588338666429219,0.697479563602144
"1155",0.228224831304683,0.603230779559786,1.39197185168916
"1156",-0.0217721371787438,2.1710704540056,1.66353529993353
"1157",0.393896327069713,0.708049040079157,1.30869886640412
"1158",-0.549975109080186,2.32254748328156,-0.0960489655361904
"1159",-0.063611080240683,1.56978642806864,0.126903630901682
"1160",1.26028231601456,0.0513372850395319,1.40623846901646
"1161",-0.568568431230442,-0.726010491384103,-0.60971755992368
"1162",-1.51309854382786,2.56715713697255,0.0457484339486899
"1163",-0.0818322014631431,1.55698525148122,1.16873164594135
"1164",-0.955422069312257,0.615737716310795,-0.683219048896535
"1165",-0.103085009337398,-0.0288134846691253,-0.00300359973243843
"1166",-1.36184788950275,0.936431447509824,-1.38860820860429
"1167",-2.83564152456667,1.50947376059247,-1.85569745472415
"1168",-1.4439688498731,0.318936574039831,-1.7533549679839
"1169",1.17298681030203,-1.20169175089129,-0.90277944873413
"1170",-1.20410853477982,0.0177751958091883,-1.55643692150899
"1171",-1.96395168277197,1.82495580931846,-1.1098225128681
"1172",0.596224830384194,-0.476706331386509,-0.126362378528273
"1173",0.368612873830808,-0.533074623897972,0.808663913648463
"1174",0.468972984105134,0.0164202039925782,0.340605725927679
"1175",-0.512127764400175,-1.09914368184549,-0.413424768943298
"1176",3.92930342434906,2.03033787902493,2.01483135357048
"1177",1.49408358468254,1.39588546578918,2.31986320455594
"1178",1.81924578048117,0.997931167759016,1.81885897488167
"1179",-0.582863550677183,0.763580609968181,0.84505252960283
"1180",-0.0921930616527194,2.62321656011679,0.441251008938744
"1181",0.0426532994913788,-0.144917437988049,1.97697346444125
"1182",0.950207983251362,1.86389234218096,1.41704755156743
"1183",0.32861730855397,-0.0366979336192127,1.74973366064792
"1184",-1.68030095738957,2.74098144675911,-0.42178510333692
"1185",-0.174048661009628,-0.131715271618375,0.136208191994964
"1186",-0.0644241088302447,0.0330747698722733,0.153052268736373
"1187",1.97374425895053,1.04959917786994,2.40838146257978
"1188",1.47370367694237,-1.10960065824371,1.71656218046105
"1189",0.422260574581385,0.507298698247884,-0.0495537409872766
"1190",0.855325222683015,0.72635898255705,1.56038018435312
"1191",2.39985879239114,0.27408670914073,2.64087483192101
"1192",-0.0438485615322191,0.21410549471003,0.584184554802441
"1193",-1.28497236142573,-0.685505489009281,-1.67026655993355
"1194",-0.212796181839074,-0.573863207079335,0.135512770883919
"1195",0.0856936042736874,1.73017790136925,2.07290752653414
"1196",-0.46726371673304,-0.129517900461646,1.16804535604008
"1197",1.44046106795743,-0.105336784560713,2.50767555498298
"1198",1.87116118695733,0.66223270475395,1.36138861255304
"1199",0.745726455803629,2.2448908111938,2.078860761847
"1200",1.38882524008685,0.143411422115771,1.7698794326994
"1201",1.38670907225346,0.414783893915045,2.27052384629583
"1202",0.174895640662656,1.09505761647799,-0.0429890451662035
"1203",-0.068578893474409,0.460050934533541,0.120235202225011
"1204",0.452707243887185,-0.262087698873354,-0.996305577278009
"1205",2.25027831345596,-0.662931775595909,1.69748536027586
"1206",1.46851194529818,-1.49867849864803,2.98146953814278
"1207",-0.391842664314937,1.50110277213635,1.37976581033318
"1208",-1.67348319074266,0.736260497747801,1.19502081315636
"1209",0.757230487635982,0.838453407968773,1.21900888094139
"1210",0.744558238389952,0.961083382061956,2.57836614692004
"1211",-0.783656468158685,1.55296008448953,-0.34890379166285
"1212",-0.0294301047524458,-1.20629041217081,0.150929322377344
"1213",0.467537688360075,0.377347115063257,0.417512985970974
"1214",-0.678892294492081,0.78460060723314,-0.147687737420428
"1215",0.658593071000079,-0.167390459959485,1.50121408555248
"1216",2.20672859543709,-1.73396688575034,3.76314803117544
"1217",1.25900540635503,0.0174943353034246,0.911718707088572
"1218",1.47902753395232,0.668747941047019,0.214963132395745
"1219",-1.13933761573367,1.31098603709858,0.613468868752475
"1220",0.801687134936302,-0.738111070673755,0.902786154638219
"1221",0.0441594238304601,-1.33154040284901,0.186641741217646
"1222",1.31930765539478,1.25679582878206,1.44869915717987
"1223",0.291640510382477,0.703044862154124,0.39443222707015
"1224",0.156447084251386,1.72252333844452,0.885301342600151
"1225",-2.57725850987097,1.90381905806323,-0.242270475518086
"1226",-0.0116483175139535,0.94924867231744,-1.12821138747517
"1227",-1.33970027234879,1.51989485857692,-1.18022644003579
"1228",0.00296987024732807,0.372856179396339,-0.700328569429988
"1229",-1.87479856925877,1.2233127355268,-0.0586935265754882
"1230",-1.40675663964796,0.824148609612883,-1.4589041700131
"1231",-2.80099827961883,1.98541278622986,-2.0413219398665
"1232",-1.15809662158679,1.51045488495648,-0.214015197055678
"1233",0.151978602360453,0.353820666422581,0.888581010122204
"1234",-0.0673649071766188,2.49578649646951,1.03312129351798
"1235",0.880208596035588,0.162899500665627,1.43311829164267
"1236",0.166534390193365,0.388926526403236,0.0930657338392804
"1237",0.577289281148091,-0.610718440323635,0.294098461844842
"1238",-0.959309006235146,1.3966175803717,0.0447422387616064
"1239",1.13638169496438,1.47479731692128,0.244377299300894
"1240",1.16985210300278,0.488846619028198,0.429395990858522
"1241",2.42534321313213,-0.417005487956617,2.17022284546198
"1242",1.78923707797447,-0.353524945782305,2.22326435673539
"1243",0.454715368085805,0.836033496201325,1.86726658451877
"1244",0.0912321151624825,-0.475049123306523,0.0393637973462509
"1245",2.45434903568063,-2.6777140767253,1.04191961555449
"1246",1.95050148249444,0.953109789261086,0.134989645030162
"1247",0.230862837375671,0.764982437089689,1.54612230404943
"1248",1.57087207470335,-0.586640709467206,1.26801351227416
"1249",2.01253231926336,-0.766881976572075,1.61716899355563
"1250",1.43721720984626,-0.286440662324543,1.05799453192141
"1251",0.862799193880746,1.04285709722193,-0.688940194573348
"1252",1.28847031046777,-0.771668323675465,1.59474946833406
"1253",3.52503992796156,0.189798188060372,2.65846527938792
"1254",-1.40120205389067,-0.0452986246058516,-1.59714371647106
"1255",0.257840653926658,0.0567508429995372,0.162976742846434
"1256",1.44484364871574,-0.320717973236719,1.28679677693814
"1257",3.37791464588715,0.0833058662366492,1.8436632769336
"1258",1.65723688483576,-0.0987570313759028,3.17397326358243
"1259",2.17391827669349,-1.10806521281398,0.148545214013733
"1260",-0.757977522139649,0.859426513523431,0.75579049280653
"1261",0.335382022156984,0.256642804468473,-0.886381279442
"1262",2.11265204342581,0.0100711765251352,2.8594798646302
"1263",-0.101275123563511,-0.324899277028846,1.15521219139087
"1264",2.645593457378,-0.647334939786058,1.98930148230229
"1265",2.9293184445374,0.475572161573665,1.39804594465539
"1266",-1.42070259450416,1.82498629256313,-0.11287532615528
"1267",0.657255605411405,1.46685704158816,0.865897911886011
"1268",-0.837203582184669,0.532739360490938,1.21907505659629
"1269",-1.61746442718853,1.05859437608975,-1.55845903013612
"1270",1.04760262514172,-1.139063001408,1.228139584804
"1271",0.143410724383894,-1.00625880042931,1.31724044751287
"1272",1.92509403581104,1.33238043950178,1.49770879394617
"1273",-0.00504725161282077,-0.43913453236328,1.73489419603542
"1274",0.284186525611261,1.42712061456232,2.23092873567532
"1275",1.66316709420359,1.48522781252504,1.51004570283812
"1276",-0.0663016788427594,1.17949812041786,1.18490283987128
"1277",-0.624985504598188,0.442526761793824,-0.338246208697104
"1278",-0.81323080695187,0.523764299106971,0.121712998107583
"1279",-0.719194532268022,-0.449105253530567,-0.0136571483549246
"1280",-0.609965179082235,-0.184656233410047,0.249376769629257
"1281",2.02602062577427,-0.530967181371992,0.624928036870053
"1282",2.18870136258168,0.433146995844401,1.49401681902305
"1283",0.763574733325052,-0.744827895651075,0.162391736418364
"1284",1.43786685576497,-1.3264599707476,0.437612172455479
"1285",0.249849336485814,0.0636357568413185,0.7452477177774
"1286",2.17136544278292,-0.373466965500655,3.75944626202987
"1287",0.228338598860797,-0.274924193774061,-1.1391138432051
"1288",1.89176400667201,-0.0274257920798436,2.78690745535888
"1289",0.278114311582553,0.406116690898783,-0.869848165741376
"1290",0.511975886169214,0.54655456066179,-0.0953280153790815
"1291",0.731850880225994,-0.73717339597293,0.0578147808379937
"1292",-2.1949112414958,2.35050453569524,-1.101179974911
"1293",0.858091618530708,-0.295360305469046,0.15548021755046
"1294",0.038946185794186,-0.0319416486507312,0.0566696030958868
"1295",0.0796595785108506,-0.787291203454169,0.942276964171597
"1296",0.274335153749329,2.57213142850313,2.23658882405862
"1297",0.118008810328581,0.414418152169109,-1.10679735422764
"1298",-0.213070960947053,-0.588240102276962,-0.157274464089148
"1299",-1.49938582979359,1.73187394361689,-1.31311829882662
"1300",-0.904974277350927,0.39139464210999,-0.930549606197901
"1301",-0.148935904890932,1.71721934515407,0.31653131844928
"1302",1.29231187987799,-0.473206336441729,2.26894510852919
"1303",-0.808780387181326,2.56252884476679,0.0113985843452713
"1304",1.33812014932768,0.108956016192927,1.61830298156666
"1305",-0.793555921036429,0.594299499272534,-1.4794034453774
"1306",-0.943452499013684,0.775378695275996,0.248349277018238
"1307",0.448793130954528,-1.02470236888527,0.852741575141788
"1308",0.412017586135947,0.299028094869723,0.0470879247049278
"1309",0.199533174445522,-1.13854850170944,-0.769007375551811
"1310",-1.82105151413859,2.49184966491327,-1.5218231236351
"1311",-3.45087286489052,1.03456677750742,-2.03555318252319
"1312",1.73694441166221,-0.332844510686174,1.45968408979822
"1313",0.434970910345368,0.494290573790991,0.126245920705747
"1314",1.3419945723932,0.794255423607896,1.48791429997751
"1315",1.57548575007165,-1.7497604961948,1.92603772826929
"1316",1.36798032865384,-0.291424055244196,1.54366676813694
"1317",0.0488350712440948,-0.339129582616016,-0.616775039720313
"1318",-0.812002547831468,1.00485050421602,1.56874678228497
"1319",0.696565328035079,-0.264103253779633,1.07301126590826
"1320",-0.100258185497344,1.44359972425387,-0.308651668640857
"1321",-1.61006861560702,-0.114572255169394,-0.874682048490766
"1322",-0.381420481549804,2.36964321081761,-0.0392773254872146
"1323",0.367889081520471,-0.127885923096289,0.164149962795656
"1324",0.319054601430074,-0.161700586782903,0.0898942423780915
"1325",-0.950272942995,2.42837048087814,-1.07826758784184
"1326",2.43903264687506,-0.455543738126111,1.73984261282061
"1327",1.6827511027412,-0.018543751171615,1.66872477924504
